Sample,Bear,Date_1,days_old,Date_2,Pat_Number,split_pat,Other,North,East,Diet_Ants,Diet_Oats,Diet_Meat,Diet_Pork,Diet_Green,Diet_Blueberries,Diet_Lingonberries,Diet_Eggs,Diet_Moose,Diet_Cloudberries,Diet_NA,Diet_Bees,Diet_Sorbus,Diet_Apple,Species,Count,Comment
17,Akka,20.08.08,8,28.08.08,NA,NA,,624815.9,243754.8,5,95,NA,NA,NA,NA,NA,NA,NA,NA,NA,NA,NA,NA,G._stercorosus,1,NA
24,Renki,10.07.08,8,18.07.08,NA,NA,,624838.7,243923.8,15,NA,80,NA,NA,NA,NA,5,NA,NA,NA,NA,NA,NA,A._rufipes,1,NA
32,Renki,11.07.08,7,18.07.08,NA,NA,,625907.9,243540.7,50,NA,50,NA,NA,NA,NA,NA,NA,NA,NA,NA,NA,NA,G._stercorosus,1,NA
25,Renki,15.07.08,3,18.07.08,1,NA,,630039.3,244239,20,NA,NA,NA,80,NA,NA,NA,NA,NA,NA,NA,NA,NA,G._stercorosus,1,NA
33,Renki,04.07.08,5,09.07.08,NA,NA,,622758.1,250908.4,15,NA,NA,NA,NA,NA,NA,NA,85,NA,NA,NA,NA,NA,G._stercorosus,1,NA
28,Renki,05.07.08,4,09.07.08,2,NA,,622824.4,245412.1,50,NA,NA,NA,30,NA,NA,NA,20,NA,NA,NA,NA,NA,G._stercorosus,1,NA
34,Renki,05.07.08,4,09.07.08,1,NA,,622824.4,245412.1,20,NA,NA,NA,30,NA,NA,NA,50,NA,NA,NA,NA,NA,G._stercorosus,2,NA
27,Renki,06.07.08,3,09.07.08,1,NA,,622520.9,245845.6,60,NA,NA,NA,39,NA,NA,NA,1,NA,NA,NA,NA,NA,G._stercorosus,1,NA
29,Renki,06.07.08,3,09.07.08,2,NA,,622520.9,245845.6,90,NA,1,NA,9,NA,NA,NA,NA,NA,NA,NA,NA,NA,G._stercorosus,3,NA
26,Renki,08.07.08,1,09.07.08,NA,NA,,623032.1,250116.19,100,NA,NA,NA,NA,NA,NA,NA,NA,NA,NA,NA,NA,NA,G._stercorosus,1,NA
18,Likka,18.06.08,7,25.06.08,NA,NA,,623013.5,244511.6,50,NA,1,NA,49,NA,NA,NA,NA,NA,NA,NA,NA,NA,A._rufipes,5,NA
11,Akka,26.09.07,11,07.10.07,NA,NA,,625446.8,242930.5,NA,100,NA,NA,NA,NA,NA,NA,NA,NA,NA,NA,NA,NA,A._fimetarius,1,NA
11,Akka,26.09.07,11,07.10.07,NA,NA,,625446.8,242930.5,NA,100,NA,NA,NA,NA,NA,NA,NA,NA,NA,NA,NA,NA,A._fasciatus,1,NA
39,Topi,12.09.07,3,15.09.07,NA,NA,,615952.8,290052.6,NA,40,NA,40,20,NA,NA,NA,NA,NA,NA,NA,NA,NA,G._stercorosus,2,NA
53,Topi,21.08.07,7,28.08.07,NA,NA,,621121.1,284633.3,NA,NA,NA,NA,99,NA,1,NA,NA,NA,NA,NA,NA,NA,A._fimetarius,1,NA
53,Topi,21.08.07,7,28.08.07,NA,NA,,621121.1,284633.3,NA,NA,NA,NA,99,NA,1,NA,NA,NA,NA,NA,NA,NA,A._rufipes,1,NA
62,Osmo,08.07.07,3,12.07.07,NA,NA,,622021.3,243537.8,100,NA,NA,NA,NA,NA,NA,NA,NA,NA,NA,NA,NA,NA,G._stercorosus,5,NA
92,Osmo,09.07.07,3,12.07.07,NA,NA,,631853.1,245126.7,100,NA,NA,NA,NA,NA,NA,NA,NA,NA,NA,NA,NA,NA,G._stercorosus,5,NA
1,Akka,05.07.07,6,11.07.07,NA,NA,,625352.8,245434.4,100,NA,NA,NA,NA,NA,NA,NA,NA,NA,NA,NA,NA,NA,G._stercorosus,1,NA
7,Akka,07.07.07,4,11.07.07,NA,NA,,624147.4,241347.1,100,NA,NA,NA,NA,NA,NA,NA,NA,NA,NA,NA,NA,NA,G._stercorosus,1,NA
2,Akka,08.07.07,3,11.07.07,NA,NA,,623834.3,240954.6,100,NA,NA,NA,NA,NA,NA,NA,NA,NA,NA,NA,NA,NA,G._stercorosus,2,NA
13,Akka,06.07.07,4,10.07.07,NA,NA,,624009.2,241452.5,99,NA,NA,1,NA,NA,NA,NA,NA,NA,NA,NA,NA,NA,G._stercorosus,2,NA
56,Osmo,02.10.06,NA,11.10.06,3,NA,,625721.7,250826.9,NA,80,NA,NA,NA,NA,20,NA,NA,NA,NA,NA,NA,NA,A._fasciatus,3,NA
60,Osmo,02.10.06,NA,11.10.06,1,NA,,625721.7,250826.9,NA,70,NA,NA,NA,NA,NA,NA,NA,NA,NA,NA,30,NA,A._rufipes,1,NA
60,Osmo,02.10.06,NA,11.10.06,1,NA,,625721.7,250826.9,NA,70,NA,NA,NA,NA,NA,NA,NA,NA,NA,NA,30,NA,A._fasciatus,10,NA
74,Topi,17.09.06,1,18.09.06,4,NA,,615850.7,285845.8,NA,NA,NA,NA,NA,NA,NA,NA,NA,NA,NA,5,NA,95,G._stercorosus,1,NA
90,Junnu,25.07.06,6,31.07.06,NA,2,,634859.5,284902.8,70,NA,NA,NA,NA,30,NA,NA,NA,NA,NA,NA,NA,NA,G._stercorosus,4,NA
94,Junnu,25.07.06,6,31.07.06,NA,1,,634859.5,284902.8,70,NA,NA,NA,NA,30,NA,NA,NA,NA,NA,NA,NA,NA,G._stercorosus,4,NA
37,Junnu,29.07.06,2,31.07.06,NA,NA,,634744.4,291948.4,4,NA,NA,5,NA,90,NA,NA,NA,1,NA,NA,NA,NA,G._stercorosus,3,NA
35,Junnu,08.07.06,5,14.07.06,NA,NA,,631210.6,285041.5,100,NA,NA,NA,NA,NA,NA,NA,NA,NA,NA,NA,NA,NA,G._stercorosus,4,NA
36,Junnu,09.07.06,5,14.07.06,NA,NA,,632018.1,283557.1,100,NA,NA,NA,NA,NA,NA,NA,NA,NA,NA,NA,NA,NA,A._rufipes,2,NA
52,Topi/K3,31.05.06,1,01.06.06,NA,NA,,614627.3,290329.3,NA,NA,NA,NA,NA,NA,NA,NA,NA,NA,NA,NA,NA,NA,G._stercorosus,1,NA
103,,21.07.05,5,26.07.05,1,NA,,622848.7,250416.8,NA,NA,NA,NA,NA,NA,NA,NA,NA,NA,NA,NA,NA,NA,G._stercorosus,1,NA
107,,21.07.05,5,26.07.05,3,NA,,622848.7,250416.8,NA,NA,NA,NA,NA,NA,NA,NA,NA,NA,NA,NA,NA,NA,G._stercorosus,3,NA
106,,22.07.05,4,26.07.05,2,NA,,622456.4,245713.8,NA,NA,NA,NA,NA,NA,NA,NA,NA,NA,NA,NA,NA,NA,G._stercorosus,7,NA
108,,22.07.05,4,26.07.05,1,NA,,622456.4,245713.8,NA,NA,NA,NA,NA,NA,NA,NA,NA,NA,NA,NA,NA,NA,G._stercorosus,3,NA
109,,24.07.05,2,26.07.05,NA,1,hiekkatie,623423.1,245458.4,NA,NA,NA,NA,NA,NA,NA,NA,NA,NA,NA,NA,NA,NA,G._stercorosus,8,NA
101,,17.07.05,3,20.07.05,3,1,,622846.5,250405.4,NA,NA,NA,NA,NA,NA,NA,NA,NA,NA,NA,NA,NA,NA,G._stercorosus,2,NA
102,,17.07.05,3,20.07.05,2,1,,622846.5,250405.4,NA,NA,NA,NA,NA,NA,NA,NA,NA,NA,NA,NA,NA,NA,G._stercorosus,2,NA
104,,17.07.05,3,20.07.05,1,NA,,622846.5,250405.4,NA,NA,NA,NA,NA,NA,NA,NA,NA,NA,NA,NA,NA,NA,G._stercorosus,1,NA
105,,17.07.05,3,20.07.05,3,2,,622846.5,250405.4,NA,NA,NA,NA,NA,NA,NA,NA,NA,NA,NA,NA,NA,NA,G._stercorosus,1,NA
70,,,NA,25.09.04,7,NA,,652524.2,281636.4,NA,NA,NA,NA,NA,NA,NA,NA,NA,NA,NA,NA,NA,NA,A._depressus,1,NA
71,,,NA,25.09.04,4,NA,,652524.2,281636.4,NA,NA,NA,NA,NA,NA,NA,NA,NA,NA,NA,NA,NA,NA,A._fasciatus,1,NA
72,,,NA,25.09.04,1,NA,,652524.2,281636.4,NA,NA,NA,NA,NA,NA,NA,NA,NA,NA,NA,NA,NA,NA,A._fasciatus,1,NA
73,,,NA,25.09.04,5,NA,,652524.2,281636.4,NA,NA,NA,NA,NA,NA,NA,NA,NA,NA,NA,NA,NA,NA,A._fasciatus,4,NA
75,,,NA,25.09.04,3,NA,,652524.2,281636.4,NA,NA,NA,NA,NA,NA,NA,NA,NA,NA,NA,NA,NA,NA,A._rufipes,2,NA
75,,,NA,25.09.04,3,NA,,652524.2,281636.4,NA,NA,NA,NA,NA,NA,NA,NA,NA,NA,NA,NA,NA,NA,A._fasciatus,18,NA
87,,,1,28.07.04,NA,1,4_piles,622253.7,280932.4,NA,NA,NA,NA,NA,NA,NA,NA,NA,NA,NA,NA,NA,NA,G._stercorosus,2,NA
89,,,1,28.07.04,NA,2,4_piles,622253.7,280932.4,NA,NA,NA,NA,NA,NA,NA,NA,NA,NA,NA,NA,NA,NA,G._stercorosus,4,NA
88,,,2,22.07.04,NA,NA,2_piles,621556.1,285653.3,NA,NA,NA,NA,NA,NA,NA,NA,NA,NA,NA,NA,NA,NA,G._stercorosus,1,NA
91,,,2,22.07.04,NA,NA,2_piles,621556.1,285653.3,NA,NA,NA,NA,NA,NA,NA,NA,NA,NA,NA,NA,NA,NA,G._stercorosus,2,NA
81,,,1,21.07.04,NA,3,5_piles,KoeKk2_200704,NA,NA,NA,NA,NA,NA,NA,NA,NA,NA,NA,NA,NA,NA,NA,A._rufipes,1,NA
81,,,1,21.07.04,NA,3,5_piles,KoeKk2_200704,NA,NA,NA,NA,NA,NA,NA,NA,NA,NA,NA,NA,NA,NA,NA,A._piceus,3,NA
84,,,1,21.07.04,NA,2,5_piles,KoeK2_200704,NA,NA,NA,NA,NA,NA,NA,NA,NA,NA,NA,NA,NA,NA,NA,A._piceus,3,NA
93,,,NA,21.07.04,NA,2,2_piles,621254.4,290021.1,NA,NA,NA,NA,NA,NA,NA,NA,NA,NA,NA,NA,NA,NA,G._stercorosus,3,NA
8,NA,NA,NA,NA,NA,NA,NA,NA,NA,NA,NA,NA,NA,NA,NA,NA,NA,NA,NA,NA,NA,NA,NA,Deliphrum tectum,2,
8,NA,NA,NA,NA,NA,NA,NA,NA,NA,NA,NA,NA,NA,NA,NA,NA,NA,NA,NA,NA,NA,NA,NA,Tachinus marginellus,1,
8,NA,NA,NA,NA,NA,NA,NA,NA,NA,NA,NA,NA,NA,NA,NA,NA,NA,NA,NA,NA,NA,NA,NA,Atheta aeneipennis,1,
60,Osmo,02.10.06,NA,11.10.06,1,NA,,625721.7,250826.9,NA,70,NA,NA,NA,NA,NA,NA,NA,NA,NA,NA,30,NA,Deliphrum tectum,2,
60,Osmo,02.10.06,NA,11.10.06,1,NA,,625721.7,250826.9,NA,70,NA,NA,NA,NA,NA,NA,NA,NA,NA,NA,30,NA,Proteinus brachypterus,2,
60,Osmo,02.10.06,NA,11.10.06,1,NA,,625721.7,250826.9,NA,70,NA,NA,NA,NA,NA,NA,NA,NA,NA,NA,30,NA,Omalium caesum,2,
60,Osmo,02.10.06,NA,11.10.06,1,NA,,625721.7,250826.9,NA,70,NA,NA,NA,NA,NA,NA,NA,NA,NA,NA,30,NA,Atheta dwinensis,2,
60,Osmo,02.10.06,NA,11.10.06,1,NA,,625721.7,250826.9,NA,70,NA,NA,NA,NA,NA,NA,NA,NA,NA,NA,30,NA,Atheta aeneipennis,5,
60,Osmo,02.10.06,NA,11.10.06,1,NA,,625721.7,250826.9,NA,70,NA,NA,NA,NA,NA,NA,NA,NA,NA,NA,30,NA,Atheta sodalis,1,
60,Osmo,02.10.06,NA,11.10.06,1,NA,,625721.7,250826.9,NA,70,NA,NA,NA,NA,NA,NA,NA,NA,NA,NA,30,NA,Atheta parapicipennis,2,
57,NA,NA,NA,NA,NA,NA,NA,NA,NA,NA,NA,NA,NA,NA,NA,NA,NA,NA,NA,NA,NA,NA,NA,Deliphrum tectum,1,
57,NA,NA,NA,NA,NA,NA,NA,NA,NA,NA,NA,NA,NA,NA,NA,NA,NA,NA,NA,NA,NA,NA,NA,Atheta pilicornis,4,
59,NA,NA,NA,NA,NA,NA,NA,NA,NA,NA,NA,NA,NA,NA,NA,NA,NA,NA,NA,NA,NA,NA,NA,Atheta celata,1,
59,NA,NA,NA,NA,NA,NA,NA,NA,NA,NA,NA,NA,NA,NA,NA,NA,NA,NA,NA,NA,NA,NA,NA,Anopleta corvina,1,
59,NA,NA,NA,NA,NA,NA,NA,NA,NA,NA,NA,NA,NA,NA,NA,NA,NA,NA,NA,NA,NA,NA,NA,Omalium rivulare,1,
59,NA,NA,NA,NA,NA,NA,NA,NA,NA,NA,NA,NA,NA,NA,NA,NA,NA,NA,NA,NA,NA,NA,NA,Tachinus pallipes,1,
59,NA,NA,NA,NA,NA,NA,NA,NA,NA,NA,NA,NA,NA,NA,NA,NA,NA,NA,NA,NA,NA,NA,NA,Tachinus laticollis,3,
62,Osmo,08.07.07,3,12.07.07,NA,NA,,622021.3,243537.8,100,NA,NA,NA,NA,NA,NA,NA,NA,NA,NA,NA,NA,NA,Acrotona parvula,1, 1/2
62,Osmo,08.07.07,3,12.07.07,NA,NA,,622021.3,243537.8,100,NA,NA,NA,NA,NA,NA,NA,NA,NA,NA,NA,NA,NA,Atheta cinnamoptera,2, 1/2
62,Osmo,08.07.07,3,12.07.07,NA,NA,,622021.3,243537.8,100,NA,NA,NA,NA,NA,NA,NA,NA,NA,NA,NA,NA,NA,Sciodrepoides watsoni,1, 1/2
62,Osmo,08.07.07,3,12.07.07,NA,NA,,622021.3,243537.8,100,NA,NA,NA,NA,NA,NA,NA,NA,NA,NA,NA,NA,NA,Tachinus pallipes,1, 1/2
62,Osmo,08.07.07,3,12.07.07,NA,NA,,622021.3,243537.8,100,NA,NA,NA,NA,NA,NA,NA,NA,NA,NA,NA,NA,NA,Bisnius puella,2, 1/2
54,NA,NA,NA,NA,NA,NA,NA,NA,NA,NA,NA,NA,NA,NA,NA,NA,NA,NA,NA,NA,NA,NA,NA,Deliphrum tectum,6,
54,NA,NA,NA,NA,NA,NA,NA,NA,NA,NA,NA,NA,NA,NA,NA,NA,NA,NA,NA,NA,NA,NA,NA,Atheta cinnamoptera,3,
54,NA,NA,NA,NA,NA,NA,NA,NA,NA,NA,NA,NA,NA,NA,NA,NA,NA,NA,NA,NA,NA,NA,NA,Atheta aeneipennis,11,
54,NA,NA,NA,NA,NA,NA,NA,NA,NA,NA,NA,NA,NA,NA,NA,NA,NA,NA,NA,NA,NA,NA,NA,Atheta subtilis,2,
54,NA,NA,NA,NA,NA,NA,NA,NA,NA,NA,NA,NA,NA,NA,NA,NA,NA,NA,NA,NA,NA,NA,NA,Proteinus brachypterus,3,
54,NA,NA,NA,NA,NA,NA,NA,NA,NA,NA,NA,NA,NA,NA,NA,NA,NA,NA,NA,NA,NA,NA,NA,Omalium rivulare,15,
54,NA,NA,NA,NA,NA,NA,NA,NA,NA,NA,NA,NA,NA,NA,NA,NA,NA,NA,NA,NA,NA,NA,NA,Omalium rugatum,1,
58,NA,NA,NA,NA,NA,NA,NA,NA,NA,NA,NA,NA,NA,NA,NA,NA,NA,NA,NA,NA,NA,NA,NA,Deliphrum tectum,3,
58,NA,NA,NA,NA,NA,NA,NA,NA,NA,NA,NA,NA,NA,NA,NA,NA,NA,NA,NA,NA,NA,NA,NA,Atheta aeneipennis,2,
58,NA,NA,NA,NA,NA,NA,NA,NA,NA,NA,NA,NA,NA,NA,NA,NA,NA,NA,NA,NA,NA,NA,NA,Proteinus brachypterus,1,
61,NA,NA,NA,NA,NA,NA,NA,NA,NA,NA,NA,NA,NA,NA,NA,NA,NA,NA,NA,NA,NA,NA,NA,Deliphrum tectum,1,"tai 19 (Osmo 62.56.46,1:25.05.09,6)"
61,NA,NA,NA,NA,NA,NA,NA,NA,NA,NA,NA,NA,NA,NA,NA,NA,NA,NA,NA,NA,NA,NA,NA,Proteinus brachypterus,1,"tai 19 (Osmo 62.56.46,1:25.05.09,6)"
56,Osmo,02.10.06,NA,11.10.06,3,NA,,625721.7,250826.9,NA,80,NA,NA,NA,NA,20,NA,NA,NA,NA,NA,NA,NA,Proteinus brachypterus,5,
56,Osmo,02.10.06,NA,11.10.06,3,NA,,625721.7,250826.9,NA,80,NA,NA,NA,NA,20,NA,NA,NA,NA,NA,NA,NA,Omalium rivulare,1,
56,Osmo,02.10.06,NA,11.10.06,3,NA,,625721.7,250826.9,NA,80,NA,NA,NA,NA,20,NA,NA,NA,NA,NA,NA,NA,Omalium rugatum,8,
55,NA,NA,NA,NA,NA,NA,NA,NA,NA,NA,NA,NA,NA,NA,NA,NA,NA,NA,NA,NA,NA,NA,NA,Deliphrum tectum,2,
55,NA,NA,NA,NA,NA,NA,NA,NA,NA,NA,NA,NA,NA,NA,NA,NA,NA,NA,NA,NA,NA,NA,NA,Atheta aeneipennis,2,
55,NA,NA,NA,NA,NA,NA,NA,NA,NA,NA,NA,NA,NA,NA,NA,NA,NA,NA,NA,NA,NA,NA,NA,Liogluta micans,1,
55,NA,NA,NA,NA,NA,NA,NA,NA,NA,NA,NA,NA,NA,NA,NA,NA,NA,NA,NA,NA,NA,NA,NA,Proteinus brachypterus,2,
55,NA,NA,NA,NA,NA,NA,NA,NA,NA,NA,NA,NA,NA,NA,NA,NA,NA,NA,NA,NA,NA,NA,NA,Omalium rivulare,1,
55,NA,NA,NA,NA,NA,NA,NA,NA,NA,NA,NA,NA,NA,NA,NA,NA,NA,NA,NA,NA,NA,NA,NA,Tachinus proximus,1,
62,Osmo,08.07.07,3,12.07.07,NA,NA,,622021.3,243537.8,100,NA,NA,NA,NA,NA,NA,NA,NA,NA,NA,NA,NA,NA,Sciodrepoides watsoni,3, 2/2
62,Osmo,08.07.07,3,12.07.07,NA,NA,,622021.3,243537.8,100,NA,NA,NA,NA,NA,NA,NA,NA,NA,NA,NA,NA,NA,Sciodrepoides fumatus,2, 2/2
62,Osmo,08.07.07,3,12.07.07,NA,NA,,622021.3,243537.8,100,NA,NA,NA,NA,NA,NA,NA,NA,NA,NA,NA,NA,NA,Atheta cinnamoptera,2, 2/2
62,Osmo,08.07.07,3,12.07.07,NA,NA,,622021.3,243537.8,100,NA,NA,NA,NA,NA,NA,NA,NA,NA,NA,NA,NA,NA,Atheta nesslingi,1, 2/2
62,Osmo,08.07.07,3,12.07.07,NA,NA,,622021.3,243537.8,100,NA,NA,NA,NA,NA,NA,NA,NA,NA,NA,NA,NA,NA,Aleochara moerens,1, 2/2
62,Osmo,08.07.07,3,12.07.07,NA,NA,,622021.3,243537.8,100,NA,NA,NA,NA,NA,NA,NA,NA,NA,NA,NA,NA,NA,Tachinus pallipes,4, 2/2
62,Osmo,08.07.07,3,12.07.07,NA,NA,,622021.3,243537.8,100,NA,NA,NA,NA,NA,NA,NA,NA,NA,NA,NA,NA,NA,Tachinus basalis,1, 2/2
62,Osmo,08.07.07,3,12.07.07,NA,NA,,622021.3,243537.8,100,NA,NA,NA,NA,NA,NA,NA,NA,NA,NA,NA,NA,NA,Omalium rivulare,3, 2/2
62,Osmo,08.07.07,3,12.07.07,NA,NA,,622021.3,243537.8,100,NA,NA,NA,NA,NA,NA,NA,NA,NA,NA,NA,NA,NA,Philonthus succicola,1, 2/2
83,NA,NA,NA,NA,NA,NA,NA,NA,NA,NA,NA,NA,NA,NA,NA,NA,NA,NA,NA,NA,NA,NA,NA,Deliphrum tectum,10,
83,NA,NA,NA,NA,NA,NA,NA,NA,NA,NA,NA,NA,NA,NA,NA,NA,NA,NA,NA,NA,NA,NA,NA,Atheta hypnorum,2,
83,NA,NA,NA,NA,NA,NA,NA,NA,NA,NA,NA,NA,NA,NA,NA,NA,NA,NA,NA,NA,NA,NA,NA,Atheta crassicornis/paracrassicornis,3,
83,NA,NA,NA,NA,NA,NA,NA,NA,NA,NA,NA,NA,NA,NA,NA,NA,NA,NA,NA,NA,NA,NA,NA,Atheta aeneipennis,1,
83,NA,NA,NA,NA,NA,NA,NA,NA,NA,NA,NA,NA,NA,NA,NA,NA,NA,NA,NA,NA,NA,NA,NA,Atheta longicornis,1,
83,NA,NA,NA,NA,NA,NA,NA,NA,NA,NA,NA,NA,NA,NA,NA,NA,NA,NA,NA,NA,NA,NA,NA,Atheta pilicornis,2,
83,NA,NA,NA,NA,NA,NA,NA,NA,NA,NA,NA,NA,NA,NA,NA,NA,NA,NA,NA,NA,NA,NA,NA,Atheta celata,2,
83,NA,NA,NA,NA,NA,NA,NA,NA,NA,NA,NA,NA,NA,NA,NA,NA,NA,NA,NA,NA,NA,NA,NA,Acrotona parvula,1,
83,NA,NA,NA,NA,NA,NA,NA,NA,NA,NA,NA,NA,NA,NA,NA,NA,NA,NA,NA,NA,NA,NA,NA,Anotylus clavatus,1,
83,NA,NA,NA,NA,NA,NA,NA,NA,NA,NA,NA,NA,NA,NA,NA,NA,NA,NA,NA,NA,NA,NA,NA,Omalium rivulare,4,
83,NA,NA,NA,NA,NA,NA,NA,NA,NA,NA,NA,NA,NA,NA,NA,NA,NA,NA,NA,NA,NA,NA,NA,Tachinus laticollis,1,
83,NA,NA,NA,NA,NA,NA,NA,NA,NA,NA,NA,NA,NA,NA,NA,NA,NA,NA,NA,NA,NA,NA,NA,Gabrius trossulus,1,
82,NA,NA,NA,NA,NA,NA,NA,NA,NA,NA,NA,NA,NA,NA,NA,NA,NA,NA,NA,NA,NA,NA,NA,Sciodrepoides fumatus,17,
82,NA,NA,NA,NA,NA,NA,NA,NA,NA,NA,NA,NA,NA,NA,NA,NA,NA,NA,NA,NA,NA,NA,NA,Sciodrepoides watsoni,9,
82,NA,NA,NA,NA,NA,NA,NA,NA,NA,NA,NA,NA,NA,NA,NA,NA,NA,NA,NA,NA,NA,NA,NA,Atheta aeneipennis,1,
82,NA,NA,NA,NA,NA,NA,NA,NA,NA,NA,NA,NA,NA,NA,NA,NA,NA,NA,NA,NA,NA,NA,NA,Atheta cinnamoptera,1,
82,NA,NA,NA,NA,NA,NA,NA,NA,NA,NA,NA,NA,NA,NA,NA,NA,NA,NA,NA,NA,NA,NA,NA,Atheta nesslingi,2,
82,NA,NA,NA,NA,NA,NA,NA,NA,NA,NA,NA,NA,NA,NA,NA,NA,NA,NA,NA,NA,NA,NA,NA,Atheta subtilis,1,
82,NA,NA,NA,NA,NA,NA,NA,NA,NA,NA,NA,NA,NA,NA,NA,NA,NA,NA,NA,NA,NA,NA,NA,Tachinus basalis,2,
82,NA,NA,NA,NA,NA,NA,NA,NA,NA,NA,NA,NA,NA,NA,NA,NA,NA,NA,NA,NA,NA,NA,NA,Tachinus proximus,1,
82,NA,NA,NA,NA,NA,NA,NA,NA,NA,NA,NA,NA,NA,NA,NA,NA,NA,NA,NA,NA,NA,NA,NA,Tachinus pallipes,1,
82,NA,NA,NA,NA,NA,NA,NA,NA,NA,NA,NA,NA,NA,NA,NA,NA,NA,NA,NA,NA,NA,NA,NA,Tachinus laticollis,5,
82,NA,NA,NA,NA,NA,NA,NA,NA,NA,NA,NA,NA,NA,NA,NA,NA,NA,NA,NA,NA,NA,NA,NA,Megarthrus nitidulus,7,
82,NA,NA,NA,NA,NA,NA,NA,NA,NA,NA,NA,NA,NA,NA,NA,NA,NA,NA,NA,NA,NA,NA,NA,Megarthrus depressus,2,
82,NA,NA,NA,NA,NA,NA,NA,NA,NA,NA,NA,NA,NA,NA,NA,NA,NA,NA,NA,NA,NA,NA,NA,Autalia longicornis,1,
82,NA,NA,NA,NA,NA,NA,NA,NA,NA,NA,NA,NA,NA,NA,NA,NA,NA,NA,NA,NA,NA,NA,NA,Omalium rivulare,3,
82,NA,NA,NA,NA,NA,NA,NA,NA,NA,NA,NA,NA,NA,NA,NA,NA,NA,NA,NA,NA,NA,NA,NA,Cercyon lateralis,6,
82,NA,NA,NA,NA,NA,NA,NA,NA,NA,NA,NA,NA,NA,NA,NA,NA,NA,NA,NA,NA,NA,NA,NA,Philonthus succicola,2,
85,NA,NA,NA,NA,NA,NA,NA,NA,NA,NA,NA,NA,NA,NA,NA,NA,NA,NA,NA,NA,NA,NA,NA,Atheta cribripennis,1,
85,NA,NA,NA,NA,NA,NA,NA,NA,NA,NA,NA,NA,NA,NA,NA,NA,NA,NA,NA,NA,NA,NA,NA,Platystethus arenarius,1,
84,,,1,21.07.04,NA,2,5_piles,KoeK2_200704,NA,NA,NA,NA,NA,NA,NA,NA,NA,NA,NA,NA,NA,NA,NA,Atheta cinnamoptera,1,
84,,,1,21.07.04,NA,2,5_piles,KoeK2_200704,NA,NA,NA,NA,NA,NA,NA,NA,NA,NA,NA,NA,NA,NA,NA,Atheta sodalis,1,
84,,,1,21.07.04,NA,2,5_piles,KoeK2_200704,NA,NA,NA,NA,NA,NA,NA,NA,NA,NA,NA,NA,NA,NA,NA,Atheta cribripennis,1,
84,,,1,21.07.04,NA,2,5_piles,KoeK2_200704,NA,NA,NA,NA,NA,NA,NA,NA,NA,NA,NA,NA,NA,NA,NA,Tachinus laticollis,1,
84,,,1,21.07.04,NA,2,5_piles,KoeK2_200704,NA,NA,NA,NA,NA,NA,NA,NA,NA,NA,NA,NA,NA,NA,NA,Megarthrus fennicus,2,
84,,,1,21.07.04,NA,2,5_piles,KoeK2_200704,NA,NA,NA,NA,NA,NA,NA,NA,NA,NA,NA,NA,NA,NA,NA,Cercyon lateralis,2,
84,,,1,21.07.04,NA,2,5_piles,KoeK2_200704,NA,NA,NA,NA,NA,NA,NA,NA,NA,NA,NA,NA,NA,NA,NA,Platystethus arenarius,8,
84,,,1,21.07.04,NA,2,5_piles,KoeK2_200704,NA,NA,NA,NA,NA,NA,NA,NA,NA,NA,NA,NA,NA,NA,NA,Malthodes fuscus,1,
84,,,1,21.07.04,NA,2,5_piles,KoeK2_200704,NA,NA,NA,NA,NA,NA,NA,NA,NA,NA,NA,NA,NA,NA,NA,Anotylus clavatus,7,
84,,,1,21.07.04,NA,2,5_piles,KoeK2_200704,NA,NA,NA,NA,NA,NA,NA,NA,NA,NA,NA,NA,NA,NA,NA,Bisnius puella,1,
84,,,1,21.07.04,NA,2,5_piles,KoeK2_200704,NA,NA,NA,NA,NA,NA,NA,NA,NA,NA,NA,NA,NA,NA,NA,Baeocrara variolosa,2,
87,,,1,28.07.04,NA,1,4_piles,622253.7,280932.4,NA,NA,NA,NA,NA,NA,NA,NA,NA,NA,NA,NA,NA,NA,Nicrophorus vespilloides,2,
87,,,1,28.07.04,NA,1,4_piles,622253.7,280932.4,NA,NA,NA,NA,NA,NA,NA,NA,NA,NA,NA,NA,NA,NA,Sciodrepoides watsoni,4,
87,,,1,28.07.04,NA,1,4_piles,622253.7,280932.4,NA,NA,NA,NA,NA,NA,NA,NA,NA,NA,NA,NA,NA,NA,Atheta aeneipennis,1,
87,,,1,28.07.04,NA,1,4_piles,622253.7,280932.4,NA,NA,NA,NA,NA,NA,NA,NA,NA,NA,NA,NA,NA,NA,Tachinus pallipes,3,
87,,,1,28.07.04,NA,1,4_piles,622253.7,280932.4,NA,NA,NA,NA,NA,NA,NA,NA,NA,NA,NA,NA,NA,NA,Tachinus laticollis,2,
87,,,1,28.07.04,NA,1,4_piles,622253.7,280932.4,NA,NA,NA,NA,NA,NA,NA,NA,NA,NA,NA,NA,NA,NA,Philonthus addendus,1,
89,,,1,28.07.04,NA,2,4_piles,622253.7,280932.4,NA,NA,NA,NA,NA,NA,NA,NA,NA,NA,NA,NA,NA,NA,Nicrophorus vespilloides,2,"tai 68 (62.22.53,7: 28.09.32,4)"
89,,,1,28.07.04,NA,2,4_piles,622253.7,280932.4,NA,NA,NA,NA,NA,NA,NA,NA,NA,NA,NA,NA,NA,NA,Sciodrepoides watsoni,10,"tai 68 (62.22.53,7: 28.09.32,4)"
89,,,1,28.07.04,NA,2,4_piles,622253.7,280932.4,NA,NA,NA,NA,NA,NA,NA,NA,NA,NA,NA,NA,NA,NA,Atheta cinnamoptera,1,"tai 68 (62.22.53,7: 28.09.32,4)"
89,,,1,28.07.04,NA,2,4_piles,622253.7,280932.4,NA,NA,NA,NA,NA,NA,NA,NA,NA,NA,NA,NA,NA,NA,Tachinus laticollis,5,"tai 68 (62.22.53,7: 28.09.32,4)"
89,,,1,28.07.04,NA,2,4_piles,622253.7,280932.4,NA,NA,NA,NA,NA,NA,NA,NA,NA,NA,NA,NA,NA,NA,Tachinus pallipes,2,"tai 68 (62.22.53,7: 28.09.32,4)"
89,,,1,28.07.04,NA,2,4_piles,622253.7,280932.4,NA,NA,NA,NA,NA,NA,NA,NA,NA,NA,NA,NA,NA,NA,Tachinus proximus,1,"tai 68 (62.22.53,7: 28.09.32,4)"
88,,,2,22.07.04,NA,NA,2_piles,621556.1,285653.3,NA,NA,NA,NA,NA,NA,NA,NA,NA,NA,NA,NA,NA,NA,Sciodrepoides fumatus,8,
88,,,2,22.07.04,NA,NA,2_piles,621556.1,285653.3,NA,NA,NA,NA,NA,NA,NA,NA,NA,NA,NA,NA,NA,NA,Atheta cribripennis,2,
88,,,2,22.07.04,NA,NA,2_piles,621556.1,285653.3,NA,NA,NA,NA,NA,NA,NA,NA,NA,NA,NA,NA,NA,NA,Atheta cinnamoptera,1,
88,,,2,22.07.04,NA,NA,2_piles,621556.1,285653.3,NA,NA,NA,NA,NA,NA,NA,NA,NA,NA,NA,NA,NA,NA,Atheta aeneipennis,1,
88,,,2,22.07.04,NA,NA,2_piles,621556.1,285653.3,NA,NA,NA,NA,NA,NA,NA,NA,NA,NA,NA,NA,NA,NA,Baeocrara variolosa,1,
88,,,2,22.07.04,NA,NA,2_piles,621556.1,285653.3,NA,NA,NA,NA,NA,NA,NA,NA,NA,NA,NA,NA,NA,NA,Tachinus proximus,3,
88,,,2,22.07.04,NA,NA,2_piles,621556.1,285653.3,NA,NA,NA,NA,NA,NA,NA,NA,NA,NA,NA,NA,NA,NA,Tachinus laticollis,1,
88,,,2,22.07.04,NA,NA,2_piles,621556.1,285653.3,NA,NA,NA,NA,NA,NA,NA,NA,NA,NA,NA,NA,NA,NA,Megarthrus fennicus,2,
90,Junnu,25.07.06,6,31.07.06,NA,2,,634859.5,284902.8,70,NA,NA,NA,NA,30,NA,NA,NA,NA,NA,NA,NA,NA,Atheta aeneipennis,2,
90,Junnu,25.07.06,6,31.07.06,NA,2,,634859.5,284902.8,70,NA,NA,NA,NA,30,NA,NA,NA,NA,NA,NA,NA,NA,Atheta allocera,1,
90,Junnu,25.07.06,6,31.07.06,NA,2,,634859.5,284902.8,70,NA,NA,NA,NA,30,NA,NA,NA,NA,NA,NA,NA,NA,Atheta cribripennis,1,
90,Junnu,25.07.06,6,31.07.06,NA,2,,634859.5,284902.8,70,NA,NA,NA,NA,30,NA,NA,NA,NA,NA,NA,NA,NA,Atheta subtilis,5,
90,Junnu,25.07.06,6,31.07.06,NA,2,,634859.5,284902.8,70,NA,NA,NA,NA,30,NA,NA,NA,NA,NA,NA,NA,NA,Atheta nesslingi,1,
90,Junnu,25.07.06,6,31.07.06,NA,2,,634859.5,284902.8,70,NA,NA,NA,NA,30,NA,NA,NA,NA,NA,NA,NA,NA,Atheta celata,1,
90,Junnu,25.07.06,6,31.07.06,NA,2,,634859.5,284902.8,70,NA,NA,NA,NA,30,NA,NA,NA,NA,NA,NA,NA,NA,Tachinus pallipes,5,
90,Junnu,25.07.06,6,31.07.06,NA,2,,634859.5,284902.8,70,NA,NA,NA,NA,30,NA,NA,NA,NA,NA,NA,NA,NA,Tachinus proximus,3,
90,Junnu,25.07.06,6,31.07.06,NA,2,,634859.5,284902.8,70,NA,NA,NA,NA,30,NA,NA,NA,NA,NA,NA,NA,NA,Autalia longicornis,1,
90,Junnu,25.07.06,6,31.07.06,NA,2,,634859.5,284902.8,70,NA,NA,NA,NA,30,NA,NA,NA,NA,NA,NA,NA,NA,Omalium strigicolle,1,
89,,,1,28.07.04,NA,2,4_piles,622253.7,280932.4,NA,NA,NA,NA,NA,NA,NA,NA,NA,NA,NA,NA,NA,NA,Sciodrepoides watsoni,7,
89,,,1,28.07.04,NA,2,4_piles,622253.7,280932.4,NA,NA,NA,NA,NA,NA,NA,NA,NA,NA,NA,NA,NA,NA,Sciodrepoides fumatus,2,
89,,,1,28.07.04,NA,2,4_piles,622253.7,280932.4,NA,NA,NA,NA,NA,NA,NA,NA,NA,NA,NA,NA,NA,NA,Aleochara moerens,1,
89,,,1,28.07.04,NA,2,4_piles,622253.7,280932.4,NA,NA,NA,NA,NA,NA,NA,NA,NA,NA,NA,NA,NA,NA,Atheta cribripennis,1,
89,,,1,28.07.04,NA,2,4_piles,622253.7,280932.4,NA,NA,NA,NA,NA,NA,NA,NA,NA,NA,NA,NA,NA,NA,Atheta subtilis,3,
89,,,1,28.07.04,NA,2,4_piles,622253.7,280932.4,NA,NA,NA,NA,NA,NA,NA,NA,NA,NA,NA,NA,NA,NA,Ptiliolum fuscum,2,
89,,,1,28.07.04,NA,2,4_piles,622253.7,280932.4,NA,NA,NA,NA,NA,NA,NA,NA,NA,NA,NA,NA,NA,NA,Tachinus pallipes,2,
89,,,1,28.07.04,NA,2,4_piles,622253.7,280932.4,NA,NA,NA,NA,NA,NA,NA,NA,NA,NA,NA,NA,NA,NA,Tachinus laticollis,1,
89,,,1,28.07.04,NA,2,4_piles,622253.7,280932.4,NA,NA,NA,NA,NA,NA,NA,NA,NA,NA,NA,NA,NA,NA,Bisnius puella,1,
3,NA,NA,NA,NA,NA,NA,NA,NA,NA,NA,NA,NA,NA,NA,NA,NA,NA,NA,NA,NA,NA,NA,NA,Atheta cinnamoptera,1,
77,NA,NA,NA,NA,NA,NA,NA,NA,NA,NA,NA,NA,NA,NA,NA,NA,NA,NA,NA,NA,NA,NA,NA,Deliphrum tectum,2,
77,NA,NA,NA,NA,NA,NA,NA,NA,NA,NA,NA,NA,NA,NA,NA,NA,NA,NA,NA,NA,NA,NA,NA,Atheta aeneipennis,1,
6,NA,NA,NA,NA,NA,NA,NA,NA,NA,NA,NA,NA,NA,NA,NA,NA,NA,NA,NA,NA,NA,NA,NA,Scaphisoma assimile,1,
6,NA,NA,NA,NA,NA,NA,NA,NA,NA,NA,NA,NA,NA,NA,NA,NA,NA,NA,NA,NA,NA,NA,NA,Atheta longicornis,1,
6,NA,NA,NA,NA,NA,NA,NA,NA,NA,NA,NA,NA,NA,NA,NA,NA,NA,NA,NA,NA,NA,NA,NA,Atheta aeneipennis,2,
6,NA,NA,NA,NA,NA,NA,NA,NA,NA,NA,NA,NA,NA,NA,NA,NA,NA,NA,NA,NA,NA,NA,NA,Tachinus marginellus,1,
6,NA,NA,NA,NA,NA,NA,NA,NA,NA,NA,NA,NA,NA,NA,NA,NA,NA,NA,NA,NA,NA,NA,NA,Cyphon punctipennis,1,
73,,,NA,25.09.04,5,NA,,652524.2,281636.4,NA,NA,NA,NA,NA,NA,NA,NA,NA,NA,NA,NA,NA,NA,Deliphrum tectum,5,
73,,,NA,25.09.04,5,NA,,652524.2,281636.4,NA,NA,NA,NA,NA,NA,NA,NA,NA,NA,NA,NA,NA,NA,Cercyon lateralis,1,
73,,,NA,25.09.04,5,NA,,652524.2,281636.4,NA,NA,NA,NA,NA,NA,NA,NA,NA,NA,NA,NA,NA,NA,Platystethus arenarius,5,
73,,,NA,25.09.04,5,NA,,652524.2,281636.4,NA,NA,NA,NA,NA,NA,NA,NA,NA,NA,NA,NA,NA,NA,Proteinus brachypterus,1,
73,,,NA,25.09.04,5,NA,,652524.2,281636.4,NA,NA,NA,NA,NA,NA,NA,NA,NA,NA,NA,NA,NA,NA,Megarthrus denticollis,1,
73,,,NA,25.09.04,5,NA,,652524.2,281636.4,NA,NA,NA,NA,NA,NA,NA,NA,NA,NA,NA,NA,NA,NA,Omalium rivulare,1,
73,,,NA,25.09.04,5,NA,,652524.2,281636.4,NA,NA,NA,NA,NA,NA,NA,NA,NA,NA,NA,NA,NA,NA,Tachinus pallipes,1,
73,,,NA,25.09.04,5,NA,,652524.2,281636.4,NA,NA,NA,NA,NA,NA,NA,NA,NA,NA,NA,NA,NA,NA,Tachinus laticollis,3,
73,,,NA,25.09.04,5,NA,,652524.2,281636.4,NA,NA,NA,NA,NA,NA,NA,NA,NA,NA,NA,NA,NA,NA,Oxytelus laqueatus,16,
73,,,NA,25.09.04,5,NA,,652524.2,281636.4,NA,NA,NA,NA,NA,NA,NA,NA,NA,NA,NA,NA,NA,NA,Atheta parapicipennis,17,
73,,,NA,25.09.04,5,NA,,652524.2,281636.4,NA,NA,NA,NA,NA,NA,NA,NA,NA,NA,NA,NA,NA,NA,Atheta aeneipennis,7,
73,,,NA,25.09.04,5,NA,,652524.2,281636.4,NA,NA,NA,NA,NA,NA,NA,NA,NA,NA,NA,NA,NA,NA,Atheta longicornis,3,
73,,,NA,25.09.04,5,NA,,652524.2,281636.4,NA,NA,NA,NA,NA,NA,NA,NA,NA,NA,NA,NA,NA,NA,Atheta cinnamoptera,1,
73,,,NA,25.09.04,5,NA,,652524.2,281636.4,NA,NA,NA,NA,NA,NA,NA,NA,NA,NA,NA,NA,NA,NA,Acrotona parvula,3,
73,,,NA,25.09.04,5,NA,,652524.2,281636.4,NA,NA,NA,NA,NA,NA,NA,NA,NA,NA,NA,NA,NA,NA,Atheta nesslingi,4,
73,,,NA,25.09.04,5,NA,,652524.2,281636.4,NA,NA,NA,NA,NA,NA,NA,NA,NA,NA,NA,NA,NA,NA,Atheta dwinensis,2,
73,,,NA,25.09.04,5,NA,,652524.2,281636.4,NA,NA,NA,NA,NA,NA,NA,NA,NA,NA,NA,NA,NA,NA,Pachyatheta cribrata,2,
78,NA,NA,NA,NA,NA,NA,NA,NA,NA,NA,NA,NA,NA,NA,NA,NA,NA,NA,NA,NA,NA,NA,NA,Deliphrum tectum,1,
76,NA,NA,NA,NA,NA,NA,NA,NA,NA,NA,NA,NA,NA,NA,NA,NA,NA,NA,NA,NA,NA,NA,NA,Deliphrum tectum,3,
76,NA,NA,NA,NA,NA,NA,NA,NA,NA,NA,NA,NA,NA,NA,NA,NA,NA,NA,NA,NA,NA,NA,NA,Atheta aeneipennis,1,
76,NA,NA,NA,NA,NA,NA,NA,NA,NA,NA,NA,NA,NA,NA,NA,NA,NA,NA,NA,NA,NA,NA,NA,Acrotona sylvicola,2,
76,NA,NA,NA,NA,NA,NA,NA,NA,NA,NA,NA,NA,NA,NA,NA,NA,NA,NA,NA,NA,NA,NA,NA,Omalium rivulare,1,
76,NA,NA,NA,NA,NA,NA,NA,NA,NA,NA,NA,NA,NA,NA,NA,NA,NA,NA,NA,NA,NA,NA,NA,Apion simile,1,
80,NA,NA,NA,NA,NA,NA,NA,NA,NA,NA,NA,NA,NA,NA,NA,NA,NA,NA,NA,NA,NA,NA,NA,Acrotrichis cognata,1,
80,NA,NA,NA,NA,NA,NA,NA,NA,NA,NA,NA,NA,NA,NA,NA,NA,NA,NA,NA,NA,NA,NA,NA,Cercyon lateralis,2,
80,NA,NA,NA,NA,NA,NA,NA,NA,NA,NA,NA,NA,NA,NA,NA,NA,NA,NA,NA,NA,NA,NA,NA,Cryptopleurum minutum,1,
80,NA,NA,NA,NA,NA,NA,NA,NA,NA,NA,NA,NA,NA,NA,NA,NA,NA,NA,NA,NA,NA,NA,NA,Tachinus proximus,3,
80,NA,NA,NA,NA,NA,NA,NA,NA,NA,NA,NA,NA,NA,NA,NA,NA,NA,NA,NA,NA,NA,NA,NA,Tachinus pallipes,2,
80,NA,NA,NA,NA,NA,NA,NA,NA,NA,NA,NA,NA,NA,NA,NA,NA,NA,NA,NA,NA,NA,NA,NA,Tachinus laticollis,1,
70,,,NA,25.09.04,7,NA,,652524.2,281636.4,NA,NA,NA,NA,NA,NA,NA,NA,NA,NA,NA,NA,NA,NA,Deliphrum tectum,2,
70,,,NA,25.09.04,7,NA,,652524.2,281636.4,NA,NA,NA,NA,NA,NA,NA,NA,NA,NA,NA,NA,NA,NA,Atheta aeneipennis,1,
70,,,NA,25.09.04,7,NA,,652524.2,281636.4,NA,NA,NA,NA,NA,NA,NA,NA,NA,NA,NA,NA,NA,NA,Atheta cinnamoptera,1,
70,,,NA,25.09.04,7,NA,,652524.2,281636.4,NA,NA,NA,NA,NA,NA,NA,NA,NA,NA,NA,NA,NA,NA,Tachinus laticollis,4,
70,,,NA,25.09.04,7,NA,,652524.2,281636.4,NA,NA,NA,NA,NA,NA,NA,NA,NA,NA,NA,NA,NA,NA,Oxytelus laqueatus,2,
70,,,NA,25.09.04,7,NA,,652524.2,281636.4,NA,NA,NA,NA,NA,NA,NA,NA,NA,NA,NA,NA,NA,NA,Megarthrus denticollis,1,
70,,,NA,25.09.04,7,NA,,652524.2,281636.4,NA,NA,NA,NA,NA,NA,NA,NA,NA,NA,NA,NA,NA,NA,Proteinus brachypterus,3,
70,,,NA,25.09.04,7,NA,,652524.2,281636.4,NA,NA,NA,NA,NA,NA,NA,NA,NA,NA,NA,NA,NA,NA,Omalium rivulare,3,
71,,,NA,25.09.04,4,NA,,652524.2,281636.4,NA,NA,NA,NA,NA,NA,NA,NA,NA,NA,NA,NA,NA,NA,Deliphrum tectum,1,
71,,,NA,25.09.04,4,NA,,652524.2,281636.4,NA,NA,NA,NA,NA,NA,NA,NA,NA,NA,NA,NA,NA,NA,Platystethus arenarius,3,
71,,,NA,25.09.04,4,NA,,652524.2,281636.4,NA,NA,NA,NA,NA,NA,NA,NA,NA,NA,NA,NA,NA,NA,Omalium rivulare,1,
81,,,1,21.07.04,NA,3,5_piles,KoeKk2_200704,NA,NA,NA,NA,NA,NA,NA,NA,NA,NA,NA,NA,NA,NA,NA,Atheta cribripennis,2,tai 18 (5 piles 21.7.2007. ICOCK2200704)
81,,,1,21.07.04,NA,3,5_piles,KoeKk2_200704,NA,NA,NA,NA,NA,NA,NA,NA,NA,NA,NA,NA,NA,NA,NA,Atheta cinnamoptera,1,tai 18 (5 piles 21.7.2007. ICOCK2200704)
81,,,1,21.07.04,NA,3,5_piles,KoeKk2_200704,NA,NA,NA,NA,NA,NA,NA,NA,NA,NA,NA,NA,NA,NA,NA,Baeocrara variolosa,1,tai 18 (5 piles 21.7.2007. ICOCK2200704)
81,,,1,21.07.04,NA,3,5_piles,KoeKk2_200704,NA,NA,NA,NA,NA,NA,NA,NA,NA,NA,NA,NA,NA,NA,NA,Anotylus clavatus,1,tai 18 (5 piles 21.7.2007. ICOCK2200704)
81,,,1,21.07.04,NA,3,5_piles,KoeKk2_200704,NA,NA,NA,NA,NA,NA,NA,NA,NA,NA,NA,NA,NA,NA,NA,Platystethus arenarius,3,tai 18 (5 piles 21.7.2007. ICOCK2200704)
81,,,1,21.07.04,NA,3,5_piles,KoeKk2_200704,NA,NA,NA,NA,NA,NA,NA,NA,NA,NA,NA,NA,NA,NA,NA,Tachinus laticollis,2,tai 18 (5 piles 21.7.2007. ICOCK2200704)
81,,,1,21.07.04,NA,3,5_piles,KoeKk2_200704,NA,NA,NA,NA,NA,NA,NA,NA,NA,NA,NA,NA,NA,NA,NA,Megarthrus fennicus,1,tai 18 (5 piles 21.7.2007. ICOCK2200704)
81,,,1,21.07.04,NA,3,5_piles,KoeKk2_200704,NA,NA,NA,NA,NA,NA,NA,NA,NA,NA,NA,NA,NA,NA,NA,Cercyon lateralis,4,tai 18 (5 piles 21.7.2007. ICOCK2200704)
79,NA,NA,NA,NA,NA,NA,NA,NA,NA,NA,NA,NA,NA,NA,NA,NA,NA,NA,NA,NA,NA,NA,NA,Sciodrepoides watsoni,5,
79,NA,NA,NA,NA,NA,NA,NA,NA,NA,NA,NA,NA,NA,NA,NA,NA,NA,NA,NA,NA,NA,NA,NA,Nicrophorus investigator,1,
79,NA,NA,NA,NA,NA,NA,NA,NA,NA,NA,NA,NA,NA,NA,NA,NA,NA,NA,NA,NA,NA,NA,NA,Nicrophorus vespilloides,1,
79,NA,NA,NA,NA,NA,NA,NA,NA,NA,NA,NA,NA,NA,NA,NA,NA,NA,NA,NA,NA,NA,NA,NA,Aleochara moerens,1,
79,NA,NA,NA,NA,NA,NA,NA,NA,NA,NA,NA,NA,NA,NA,NA,NA,NA,NA,NA,NA,NA,NA,NA,Philonthus varians,1,
79,NA,NA,NA,NA,NA,NA,NA,NA,NA,NA,NA,NA,NA,NA,NA,NA,NA,NA,NA,NA,NA,NA,NA,Acrotrichis silvatica,1,
79,NA,NA,NA,NA,NA,NA,NA,NA,NA,NA,NA,NA,NA,NA,NA,NA,NA,NA,NA,NA,NA,NA,NA,Cercyon lateralis,1,
79,NA,NA,NA,NA,NA,NA,NA,NA,NA,NA,NA,NA,NA,NA,NA,NA,NA,NA,NA,NA,NA,NA,NA,Sphaeridium lunatum,1,
64,NA,NA,NA,NA,NA,NA,NA,NA,NA,NA,NA,NA,NA,NA,NA,NA,NA,NA,NA,NA,NA,NA,NA,Deliphrum tectum,1,
64,NA,NA,NA,NA,NA,NA,NA,NA,NA,NA,NA,NA,NA,NA,NA,NA,NA,NA,NA,NA,NA,NA,NA,Omalium rivulare,1,
64,NA,NA,NA,NA,NA,NA,NA,NA,NA,NA,NA,NA,NA,NA,NA,NA,NA,NA,NA,NA,NA,NA,NA,Megarthrus depressus,1,
64,NA,NA,NA,NA,NA,NA,NA,NA,NA,NA,NA,NA,NA,NA,NA,NA,NA,NA,NA,NA,NA,NA,NA,Proteinus brachypterus,1,
67,NA,NA,NA,NA,NA,NA,NA,NA,NA,NA,NA,NA,NA,NA,NA,NA,NA,NA,NA,NA,NA,NA,NA,EI KUORIAISIA,0,
63,NA,NA,NA,NA,NA,NA,NA,NA,NA,NA,NA,NA,NA,NA,NA,NA,NA,NA,NA,NA,NA,NA,NA,Deliphrum tectum,2,
63,NA,NA,NA,NA,NA,NA,NA,NA,NA,NA,NA,NA,NA,NA,NA,NA,NA,NA,NA,NA,NA,NA,NA,Proteinus brachypterus,1,
66,NA,NA,NA,NA,NA,NA,NA,NA,NA,NA,NA,NA,NA,NA,NA,NA,NA,NA,NA,NA,NA,NA,NA,Deliphrum tectum,2,
66,NA,NA,NA,NA,NA,NA,NA,NA,NA,NA,NA,NA,NA,NA,NA,NA,NA,NA,NA,NA,NA,NA,NA,Megarthrus depressus,1,
66,NA,NA,NA,NA,NA,NA,NA,NA,NA,NA,NA,NA,NA,NA,NA,NA,NA,NA,NA,NA,NA,NA,NA,Atheta aeneipennis,1,
66,NA,NA,NA,NA,NA,NA,NA,NA,NA,NA,NA,NA,NA,NA,NA,NA,NA,NA,NA,NA,NA,NA,NA,Atheta pilicornis,1,
66,NA,NA,NA,NA,NA,NA,NA,NA,NA,NA,NA,NA,NA,NA,NA,NA,NA,NA,NA,NA,NA,NA,NA,Liogluta microptera,1,
66,NA,NA,NA,NA,NA,NA,NA,NA,NA,NA,NA,NA,NA,NA,NA,NA,NA,NA,NA,NA,NA,NA,NA,Atheta subtilis,1,
66,NA,NA,NA,NA,NA,NA,NA,NA,NA,NA,NA,NA,NA,NA,NA,NA,NA,NA,NA,NA,NA,NA,NA,Atheta sodalis,1,
66,NA,NA,NA,NA,NA,NA,NA,NA,NA,NA,NA,NA,NA,NA,NA,NA,NA,NA,NA,NA,NA,NA,NA,Proteinus brachypterus,1,
66,NA,NA,NA,NA,NA,NA,NA,NA,NA,NA,NA,NA,NA,NA,NA,NA,NA,NA,NA,NA,NA,NA,NA,Tachinus laticollis,1,
66,NA,NA,NA,NA,NA,NA,NA,NA,NA,NA,NA,NA,NA,NA,NA,NA,NA,NA,NA,NA,NA,NA,NA,Acrotrichis cognata,1,
68,NA,NA,NA,NA,NA,NA,NA,NA,NA,NA,NA,NA,NA,NA,NA,NA,NA,NA,NA,NA,NA,NA,NA,Deliphrum tectum,2,"tai 89 (62.25.24,2: 28.16.36,4)"
68,NA,NA,NA,NA,NA,NA,NA,NA,NA,NA,NA,NA,NA,NA,NA,NA,NA,NA,NA,NA,NA,NA,NA,Atheta parapicipennis,9,"tai 89 (62.25.24,2: 28.16.36,4)"
68,NA,NA,NA,NA,NA,NA,NA,NA,NA,NA,NA,NA,NA,NA,NA,NA,NA,NA,NA,NA,NA,NA,NA,Atheta aeneipennis,4,"tai 89 (62.25.24,2: 28.16.36,4)"
68,NA,NA,NA,NA,NA,NA,NA,NA,NA,NA,NA,NA,NA,NA,NA,NA,NA,NA,NA,NA,NA,NA,NA,Atheta diversa,2,"tai 89 (62.25.24,2: 28.16.36,4)"
68,NA,NA,NA,NA,NA,NA,NA,NA,NA,NA,NA,NA,NA,NA,NA,NA,NA,NA,NA,NA,NA,NA,NA,Omalium rivulare,3,"tai 89 (62.25.24,2: 28.16.36,4)"
68,NA,NA,NA,NA,NA,NA,NA,NA,NA,NA,NA,NA,NA,NA,NA,NA,NA,NA,NA,NA,NA,NA,NA,Tachinus laticollis,1,"tai 89 (62.25.24,2: 28.16.36,4)"
68,NA,NA,NA,NA,NA,NA,NA,NA,NA,NA,NA,NA,NA,NA,NA,NA,NA,NA,NA,NA,NA,NA,NA,Aphodius uliginosus,1,"tai 89 (62.25.24,2: 28.16.36,4)"
65,NA,NA,NA,NA,NA,NA,NA,NA,NA,NA,NA,NA,NA,NA,NA,NA,NA,NA,NA,NA,NA,NA,NA,Deliphrum tectum,3,
65,NA,NA,NA,NA,NA,NA,NA,NA,NA,NA,NA,NA,NA,NA,NA,NA,NA,NA,NA,NA,NA,NA,NA,Atheta aeneipennis,1,
65,NA,NA,NA,NA,NA,NA,NA,NA,NA,NA,NA,NA,NA,NA,NA,NA,NA,NA,NA,NA,NA,NA,NA,Atheta fungi,1,
65,NA,NA,NA,NA,NA,NA,NA,NA,NA,NA,NA,NA,NA,NA,NA,NA,NA,NA,NA,NA,NA,NA,NA,Acrotona sylvicola,3,
65,NA,NA,NA,NA,NA,NA,NA,NA,NA,NA,NA,NA,NA,NA,NA,NA,NA,NA,NA,NA,NA,NA,NA,Omalium rivulare,2,
65,NA,NA,NA,NA,NA,NA,NA,NA,NA,NA,NA,NA,NA,NA,NA,NA,NA,NA,NA,NA,NA,NA,NA,Omalium rugatum,2,
65,NA,NA,NA,NA,NA,NA,NA,NA,NA,NA,NA,NA,NA,NA,NA,NA,NA,NA,NA,NA,NA,NA,NA,Pterostichus diligens,1,
69,NA,NA,NA,NA,NA,NA,NA,NA,NA,NA,NA,NA,NA,NA,NA,NA,NA,NA,NA,NA,NA,NA,NA,Deliphrum tectum,1,
69,NA,NA,NA,NA,NA,NA,NA,NA,NA,NA,NA,NA,NA,NA,NA,NA,NA,NA,NA,NA,NA,NA,NA,Atheta aeneipennis,23,
69,NA,NA,NA,NA,NA,NA,NA,NA,NA,NA,NA,NA,NA,NA,NA,NA,NA,NA,NA,NA,NA,NA,NA,Atheta pilicornis,4,
69,NA,NA,NA,NA,NA,NA,NA,NA,NA,NA,NA,NA,NA,NA,NA,NA,NA,NA,NA,NA,NA,NA,NA,Atheta cribripennis,1,
69,NA,NA,NA,NA,NA,NA,NA,NA,NA,NA,NA,NA,NA,NA,NA,NA,NA,NA,NA,NA,NA,NA,NA,Atheta parapicipennis,2,
69,NA,NA,NA,NA,NA,NA,NA,NA,NA,NA,NA,NA,NA,NA,NA,NA,NA,NA,NA,NA,NA,NA,NA,Atheta cinnamoptera,2,
69,NA,NA,NA,NA,NA,NA,NA,NA,NA,NA,NA,NA,NA,NA,NA,NA,NA,NA,NA,NA,NA,NA,NA,Atheta subtilis,5,
69,NA,NA,NA,NA,NA,NA,NA,NA,NA,NA,NA,NA,NA,NA,NA,NA,NA,NA,NA,NA,NA,NA,NA,Anopleta corvina,4,
69,NA,NA,NA,NA,NA,NA,NA,NA,NA,NA,NA,NA,NA,NA,NA,NA,NA,NA,NA,NA,NA,NA,NA,Oxypoda annularis,1,
69,NA,NA,NA,NA,NA,NA,NA,NA,NA,NA,NA,NA,NA,NA,NA,NA,NA,NA,NA,NA,NA,NA,NA,Megarthrus depressus,1,
69,NA,NA,NA,NA,NA,NA,NA,NA,NA,NA,NA,NA,NA,NA,NA,NA,NA,NA,NA,NA,NA,NA,NA,Tachinus laticollis,1,
69,NA,NA,NA,NA,NA,NA,NA,NA,NA,NA,NA,NA,NA,NA,NA,NA,NA,NA,NA,NA,NA,NA,NA,Autalia longicornis,1,
69,NA,NA,NA,NA,NA,NA,NA,NA,NA,NA,NA,NA,NA,NA,NA,NA,NA,NA,NA,NA,NA,NA,NA,Anotylus clavatus,1,
75,,,NA,25.09.04,3,NA,,652524.2,281636.4,NA,NA,NA,NA,NA,NA,NA,NA,NA,NA,NA,NA,NA,NA,Deliphrum tectum,10,
75,,,NA,25.09.04,3,NA,,652524.2,281636.4,NA,NA,NA,NA,NA,NA,NA,NA,NA,NA,NA,NA,NA,NA,Atheta parapicipennis,24,
75,,,NA,25.09.04,3,NA,,652524.2,281636.4,NA,NA,NA,NA,NA,NA,NA,NA,NA,NA,NA,NA,NA,NA,Atheta longicornis,1,
75,,,NA,25.09.04,3,NA,,652524.2,281636.4,NA,NA,NA,NA,NA,NA,NA,NA,NA,NA,NA,NA,NA,NA,Atheta laevana,1,
75,,,NA,25.09.04,3,NA,,652524.2,281636.4,NA,NA,NA,NA,NA,NA,NA,NA,NA,NA,NA,NA,NA,NA,Atheta atramentaria,1,
75,,,NA,25.09.04,3,NA,,652524.2,281636.4,NA,NA,NA,NA,NA,NA,NA,NA,NA,NA,NA,NA,NA,NA,Atheta aeneipennis,2,
75,,,NA,25.09.04,3,NA,,652524.2,281636.4,NA,NA,NA,NA,NA,NA,NA,NA,NA,NA,NA,NA,NA,NA,Atheta picipennoides,1,
75,,,NA,25.09.04,3,NA,,652524.2,281636.4,NA,NA,NA,NA,NA,NA,NA,NA,NA,NA,NA,NA,NA,NA,Omalium rivulare,5,
75,,,NA,25.09.04,3,NA,,652524.2,281636.4,NA,NA,NA,NA,NA,NA,NA,NA,NA,NA,NA,NA,NA,NA,Tachinus proximus,1,
75,,,NA,25.09.04,3,NA,,652524.2,281636.4,NA,NA,NA,NA,NA,NA,NA,NA,NA,NA,NA,NA,NA,NA,Tachinus pallipes,1,
74,Topi,17.09.06,1,18.09.06,4,NA,,615850.7,285845.8,NA,NA,NA,NA,NA,NA,NA,NA,NA,NA,NA,5,NA,95,Deliphrum tectum,23,
74,Topi,17.09.06,1,18.09.06,4,NA,,615850.7,285845.8,NA,NA,NA,NA,NA,NA,NA,NA,NA,NA,NA,5,NA,95,Atheta aeneipennis,51,
74,Topi,17.09.06,1,18.09.06,4,NA,,615850.7,285845.8,NA,NA,NA,NA,NA,NA,NA,NA,NA,NA,NA,5,NA,95,Atheta parapicipennis,1,
74,Topi,17.09.06,1,18.09.06,4,NA,,615850.7,285845.8,NA,NA,NA,NA,NA,NA,NA,NA,NA,NA,NA,5,NA,95,Atheta procera,1,
74,Topi,17.09.06,1,18.09.06,4,NA,,615850.7,285845.8,NA,NA,NA,NA,NA,NA,NA,NA,NA,NA,NA,5,NA,95,Tachinus proximus,2,
74,Topi,17.09.06,1,18.09.06,4,NA,,615850.7,285845.8,NA,NA,NA,NA,NA,NA,NA,NA,NA,NA,NA,5,NA,95,Omalium rivulare,5,
74,Topi,17.09.06,1,18.09.06,4,NA,,615850.7,285845.8,NA,NA,NA,NA,NA,NA,NA,NA,NA,NA,NA,5,NA,95,Proteinus brachypterus,2,
44,NA,NA,NA,NA,NA,NA,NA,NA,NA,NA,NA,NA,NA,NA,NA,NA,NA,NA,NA,NA,NA,NA,NA,Deliphrum tectum,12,
45,NA,NA,NA,NA,NA,NA,NA,NA,NA,NA,NA,NA,NA,NA,NA,NA,NA,NA,NA,NA,NA,NA,NA,Deliphrum tectum,1,
45,NA,NA,NA,NA,NA,NA,NA,NA,NA,NA,NA,NA,NA,NA,NA,NA,NA,NA,NA,NA,NA,NA,NA,Platystethus arenarius,1,
45,NA,NA,NA,NA,NA,NA,NA,NA,NA,NA,NA,NA,NA,NA,NA,NA,NA,NA,NA,NA,NA,NA,NA,Megarthrus depressus,1,
45,NA,NA,NA,NA,NA,NA,NA,NA,NA,NA,NA,NA,NA,NA,NA,NA,NA,NA,NA,NA,NA,NA,NA,Phloeonomus sjobergi,1,
45,NA,NA,NA,NA,NA,NA,NA,NA,NA,NA,NA,NA,NA,NA,NA,NA,NA,NA,NA,NA,NA,NA,NA,Proteinus brachypterus,3,
45,NA,NA,NA,NA,NA,NA,NA,NA,NA,NA,NA,NA,NA,NA,NA,NA,NA,NA,NA,NA,NA,NA,NA,Atheta aeneipennis,8,
52,Topi/K3,31.05.06,1,01.06.06,NA,NA,,614627.3,290329.3,NA,NA,NA,NA,NA,NA,NA,NA,NA,NA,NA,NA,NA,NA,Deliphrum tectum,1,
52,Topi/K3,31.05.06,1,01.06.06,NA,NA,,614627.3,290329.3,NA,NA,NA,NA,NA,NA,NA,NA,NA,NA,NA,NA,NA,NA,Liogluta micans,1,
52,Topi/K3,31.05.06,1,01.06.06,NA,NA,,614627.3,290329.3,NA,NA,NA,NA,NA,NA,NA,NA,NA,NA,NA,NA,NA,NA,Atheta cinnamoptera,3,
52,Topi/K3,31.05.06,1,01.06.06,NA,NA,,614627.3,290329.3,NA,NA,NA,NA,NA,NA,NA,NA,NA,NA,NA,NA,NA,NA,Atheta subtilis,1,
52,Topi/K3,31.05.06,1,01.06.06,NA,NA,,614627.3,290329.3,NA,NA,NA,NA,NA,NA,NA,NA,NA,NA,NA,NA,NA,NA,Anopleta corvina,1,
52,Topi/K3,31.05.06,1,01.06.06,NA,NA,,614627.3,290329.3,NA,NA,NA,NA,NA,NA,NA,NA,NA,NA,NA,NA,NA,NA,Cercyon lateralis,2,
52,Topi/K3,31.05.06,1,01.06.06,NA,NA,,614627.3,290329.3,NA,NA,NA,NA,NA,NA,NA,NA,NA,NA,NA,NA,NA,NA,Megarthrus depressus,1,
52,Topi/K3,31.05.06,1,01.06.06,NA,NA,,614627.3,290329.3,NA,NA,NA,NA,NA,NA,NA,NA,NA,NA,NA,NA,NA,NA,Oxytelus laqueatus,2,
52,Topi/K3,31.05.06,1,01.06.06,NA,NA,,614627.3,290329.3,NA,NA,NA,NA,NA,NA,NA,NA,NA,NA,NA,NA,NA,NA,Omalium strigicolle,1,
52,Topi/K3,31.05.06,1,01.06.06,NA,NA,,614627.3,290329.3,NA,NA,NA,NA,NA,NA,NA,NA,NA,NA,NA,NA,NA,NA,Proteinus brachypterus,1,
50,NA,NA,NA,NA,NA,NA,NA,NA,NA,NA,NA,NA,NA,NA,NA,NA,NA,NA,NA,NA,NA,NA,NA,Deliphrum tectum,38,
50,NA,NA,NA,NA,NA,NA,NA,NA,NA,NA,NA,NA,NA,NA,NA,NA,NA,NA,NA,NA,NA,NA,NA,Atheta aeneipennis,6,
50,NA,NA,NA,NA,NA,NA,NA,NA,NA,NA,NA,NA,NA,NA,NA,NA,NA,NA,NA,NA,NA,NA,NA,Atheta picipennoides,3,
50,NA,NA,NA,NA,NA,NA,NA,NA,NA,NA,NA,NA,NA,NA,NA,NA,NA,NA,NA,NA,NA,NA,NA,Atheta parapicipennis,1,
50,NA,NA,NA,NA,NA,NA,NA,NA,NA,NA,NA,NA,NA,NA,NA,NA,NA,NA,NA,NA,NA,NA,NA,Omalium rivulare,8,
51,NA,NA,NA,NA,NA,NA,NA,NA,NA,NA,NA,NA,NA,NA,NA,NA,NA,NA,NA,NA,NA,NA,NA,Deliphrum tectum,34,
51,NA,NA,NA,NA,NA,NA,NA,NA,NA,NA,NA,NA,NA,NA,NA,NA,NA,NA,NA,NA,NA,NA,NA,Atheta aeneipennis,8,
51,NA,NA,NA,NA,NA,NA,NA,NA,NA,NA,NA,NA,NA,NA,NA,NA,NA,NA,NA,NA,NA,NA,NA,Omalium rivulare,1,
48,NA,NA,NA,NA,NA,NA,NA,NA,NA,NA,NA,NA,NA,NA,NA,NA,NA,NA,NA,NA,NA,NA,NA,Atheta aeneipennis,12,
48,NA,NA,NA,NA,NA,NA,NA,NA,NA,NA,NA,NA,NA,NA,NA,NA,NA,NA,NA,NA,NA,NA,NA,Tachinus pallipes,1,
48,NA,NA,NA,NA,NA,NA,NA,NA,NA,NA,NA,NA,NA,NA,NA,NA,NA,NA,NA,NA,NA,NA,NA,Tachinus laticollis,2,
48,NA,NA,NA,NA,NA,NA,NA,NA,NA,NA,NA,NA,NA,NA,NA,NA,NA,NA,NA,NA,NA,NA,NA,Platystethus arenarius,1,
48,NA,NA,NA,NA,NA,NA,NA,NA,NA,NA,NA,NA,NA,NA,NA,NA,NA,NA,NA,NA,NA,NA,NA,Omalium rivulare,1,
48,NA,NA,NA,NA,NA,NA,NA,NA,NA,NA,NA,NA,NA,NA,NA,NA,NA,NA,NA,NA,NA,NA,NA,Proteinus brachypterus,3,
48,NA,NA,NA,NA,NA,NA,NA,NA,NA,NA,NA,NA,NA,NA,NA,NA,NA,NA,NA,NA,NA,NA,NA,Gyrohypnus fracticornis,1,
48,NA,NA,NA,NA,NA,NA,NA,NA,NA,NA,NA,NA,NA,NA,NA,NA,NA,NA,NA,NA,NA,NA,NA,Philonthus varians,1,
47,NA,NA,NA,NA,NA,NA,NA,NA,NA,NA,NA,NA,NA,NA,NA,NA,NA,NA,NA,NA,NA,NA,NA,Atheta crassicornis/paracrassicornis,1,
47,NA,NA,NA,NA,NA,NA,NA,NA,NA,NA,NA,NA,NA,NA,NA,NA,NA,NA,NA,NA,NA,NA,NA,Atheta aeneipennis,11,
47,NA,NA,NA,NA,NA,NA,NA,NA,NA,NA,NA,NA,NA,NA,NA,NA,NA,NA,NA,NA,NA,NA,NA,Atheta celata,1,
47,NA,NA,NA,NA,NA,NA,NA,NA,NA,NA,NA,NA,NA,NA,NA,NA,NA,NA,NA,NA,NA,NA,NA,Tachinus laticollis,5,
47,NA,NA,NA,NA,NA,NA,NA,NA,NA,NA,NA,NA,NA,NA,NA,NA,NA,NA,NA,NA,NA,NA,NA,Platystethus arenarius,1,
47,NA,NA,NA,NA,NA,NA,NA,NA,NA,NA,NA,NA,NA,NA,NA,NA,NA,NA,NA,NA,NA,NA,NA,Megarthrus depressus,1,
47,NA,NA,NA,NA,NA,NA,NA,NA,NA,NA,NA,NA,NA,NA,NA,NA,NA,NA,NA,NA,NA,NA,NA,Proteinus brachypterus,8,
43,NA,NA,NA,NA,NA,NA,NA,NA,NA,NA,NA,NA,NA,NA,NA,NA,NA,NA,NA,NA,NA,NA,NA,Deliphrum tectum,15,
43,NA,NA,NA,NA,NA,NA,NA,NA,NA,NA,NA,NA,NA,NA,NA,NA,NA,NA,NA,NA,NA,NA,NA,Atheta aeneipennis,2,
43,NA,NA,NA,NA,NA,NA,NA,NA,NA,NA,NA,NA,NA,NA,NA,NA,NA,NA,NA,NA,NA,NA,NA,Proteinus brachypterus,1,
38,NA,NA,NA,NA,NA,NA,NA,NA,NA,NA,NA,NA,NA,NA,NA,NA,NA,NA,NA,NA,NA,NA,NA,Strophosoma capitatum,1,
38,NA,NA,NA,NA,NA,NA,NA,NA,NA,NA,NA,NA,NA,NA,NA,NA,NA,NA,NA,NA,NA,NA,NA,Deliphrum tectum,133,
38,NA,NA,NA,NA,NA,NA,NA,NA,NA,NA,NA,NA,NA,NA,NA,NA,NA,NA,NA,NA,NA,NA,NA,Atheta parapicipennis,5,
38,NA,NA,NA,NA,NA,NA,NA,NA,NA,NA,NA,NA,NA,NA,NA,NA,NA,NA,NA,NA,NA,NA,NA,Atheta aeneipennis,6,
38,NA,NA,NA,NA,NA,NA,NA,NA,NA,NA,NA,NA,NA,NA,NA,NA,NA,NA,NA,NA,NA,NA,NA,Proteinus brachypterus,1,
38,NA,NA,NA,NA,NA,NA,NA,NA,NA,NA,NA,NA,NA,NA,NA,NA,NA,NA,NA,NA,NA,NA,NA,Tachinus pallipes,1,
38,NA,NA,NA,NA,NA,NA,NA,NA,NA,NA,NA,NA,NA,NA,NA,NA,NA,NA,NA,NA,NA,NA,NA,Tachinus proximus,1,
38,NA,NA,NA,NA,NA,NA,NA,NA,NA,NA,NA,NA,NA,NA,NA,NA,NA,NA,NA,NA,NA,NA,NA,Omalium rivulare,23,
2,Akka,08.07.07,3,11.07.07,NA,NA,,623834.3,240954.6,100,NA,NA,NA,NA,NA,NA,NA,NA,NA,NA,NA,NA,NA,Sciodrepoides watsoni,1,
2,Akka,08.07.07,3,11.07.07,NA,NA,,623834.3,240954.6,100,NA,NA,NA,NA,NA,NA,NA,NA,NA,NA,NA,NA,NA,Deliphrum tectum,1,
2,Akka,08.07.07,3,11.07.07,NA,NA,,623834.3,240954.6,100,NA,NA,NA,NA,NA,NA,NA,NA,NA,NA,NA,NA,NA,Liogluta microptera,1,
2,Akka,08.07.07,3,11.07.07,NA,NA,,623834.3,240954.6,100,NA,NA,NA,NA,NA,NA,NA,NA,NA,NA,NA,NA,NA,Atheta nigricornis,2,
2,Akka,08.07.07,3,11.07.07,NA,NA,,623834.3,240954.6,100,NA,NA,NA,NA,NA,NA,NA,NA,NA,NA,NA,NA,NA,Atheta cinnamoptera,7,
2,Akka,08.07.07,3,11.07.07,NA,NA,,623834.3,240954.6,100,NA,NA,NA,NA,NA,NA,NA,NA,NA,NA,NA,NA,NA,Atheta aeneipennis,1,
2,Akka,08.07.07,3,11.07.07,NA,NA,,623834.3,240954.6,100,NA,NA,NA,NA,NA,NA,NA,NA,NA,NA,NA,NA,NA,Atheta subtilis,2,
2,Akka,08.07.07,3,11.07.07,NA,NA,,623834.3,240954.6,100,NA,NA,NA,NA,NA,NA,NA,NA,NA,NA,NA,NA,NA,Atheta celata,2,
2,Akka,08.07.07,3,11.07.07,NA,NA,,623834.3,240954.6,100,NA,NA,NA,NA,NA,NA,NA,NA,NA,NA,NA,NA,NA,Atheta parapicipennis,4,
2,Akka,08.07.07,3,11.07.07,NA,NA,,623834.3,240954.6,100,NA,NA,NA,NA,NA,NA,NA,NA,NA,NA,NA,NA,NA,Atheta gagatina,2,
2,Akka,08.07.07,3,11.07.07,NA,NA,,623834.3,240954.6,100,NA,NA,NA,NA,NA,NA,NA,NA,NA,NA,NA,NA,NA,Atheta nesslingi,4,
2,Akka,08.07.07,3,11.07.07,NA,NA,,623834.3,240954.6,100,NA,NA,NA,NA,NA,NA,NA,NA,NA,NA,NA,NA,NA,Acrotrichis rugulosa,1,
2,Akka,08.07.07,3,11.07.07,NA,NA,,623834.3,240954.6,100,NA,NA,NA,NA,NA,NA,NA,NA,NA,NA,NA,NA,NA,Omalium rivulare,1,
2,Akka,08.07.07,3,11.07.07,NA,NA,,623834.3,240954.6,100,NA,NA,NA,NA,NA,NA,NA,NA,NA,NA,NA,NA,NA,Megarthrus depressus,1,
2,Akka,08.07.07,3,11.07.07,NA,NA,,623834.3,240954.6,100,NA,NA,NA,NA,NA,NA,NA,NA,NA,NA,NA,NA,NA,Megarthrus fennicus,3,
2,Akka,08.07.07,3,11.07.07,NA,NA,,623834.3,240954.6,100,NA,NA,NA,NA,NA,NA,NA,NA,NA,NA,NA,NA,NA,Anotylus clavatus,2,
2,Akka,08.07.07,3,11.07.07,NA,NA,,623834.3,240954.6,100,NA,NA,NA,NA,NA,NA,NA,NA,NA,NA,NA,NA,NA,Cercyon lateralis,3,
2,Akka,08.07.07,3,11.07.07,NA,NA,,623834.3,240954.6,100,NA,NA,NA,NA,NA,NA,NA,NA,NA,NA,NA,NA,NA,Bisnius puella,7,
2,Akka,08.07.07,3,11.07.07,NA,NA,,623834.3,240954.6,100,NA,NA,NA,NA,NA,NA,NA,NA,NA,NA,NA,NA,NA,Philonthus succicola,3,
49,NA,NA,NA,NA,NA,NA,NA,NA,NA,NA,NA,NA,NA,NA,NA,NA,NA,NA,NA,NA,NA,NA,NA,Deliphrum tectum,6,
49,NA,NA,NA,NA,NA,NA,NA,NA,NA,NA,NA,NA,NA,NA,NA,NA,NA,NA,NA,NA,NA,NA,NA,Atheta aeneipennis,2,
49,NA,NA,NA,NA,NA,NA,NA,NA,NA,NA,NA,NA,NA,NA,NA,NA,NA,NA,NA,NA,NA,NA,NA,Omalium rivulare,1,
49,NA,NA,NA,NA,NA,NA,NA,NA,NA,NA,NA,NA,NA,NA,NA,NA,NA,NA,NA,NA,NA,NA,NA,Proteinus brachypterus,2,
49,NA,NA,NA,NA,NA,NA,NA,NA,NA,NA,NA,NA,NA,NA,NA,NA,NA,NA,NA,NA,NA,NA,NA,Anthobium atrocephalum,1,
53,Topi,21.08.07,7,28.08.07,NA,NA,,621121.1,284633.3,NA,NA,NA,NA,99,NA,1,NA,NA,NA,NA,NA,NA,NA,Deliphrum tectum,1,
53,Topi,21.08.07,7,28.08.07,NA,NA,,621121.1,284633.3,NA,NA,NA,NA,99,NA,1,NA,NA,NA,NA,NA,NA,NA,Atheta aeneipennis,11,
53,Topi,21.08.07,7,28.08.07,NA,NA,,621121.1,284633.3,NA,NA,NA,NA,99,NA,1,NA,NA,NA,NA,NA,NA,NA,Atheta parapicipennis,1,
53,Topi,21.08.07,7,28.08.07,NA,NA,,621121.1,284633.3,NA,NA,NA,NA,99,NA,1,NA,NA,NA,NA,NA,NA,NA,Atheta cinnamoptera,5,
53,Topi,21.08.07,7,28.08.07,NA,NA,,621121.1,284633.3,NA,NA,NA,NA,99,NA,1,NA,NA,NA,NA,NA,NA,NA,Proteinus brachypterus,1,
53,Topi,21.08.07,7,28.08.07,NA,NA,,621121.1,284633.3,NA,NA,NA,NA,99,NA,1,NA,NA,NA,NA,NA,NA,NA,Tachinus pallipes,1,
53,Topi,21.08.07,7,28.08.07,NA,NA,,621121.1,284633.3,NA,NA,NA,NA,99,NA,1,NA,NA,NA,NA,NA,NA,NA,Tachinus laticollis,1,
53,Topi,21.08.07,7,28.08.07,NA,NA,,621121.1,284633.3,NA,NA,NA,NA,99,NA,1,NA,NA,NA,NA,NA,NA,NA,Tachinus marginellus,1,
53,Topi,21.08.07,7,28.08.07,NA,NA,,621121.1,284633.3,NA,NA,NA,NA,99,NA,1,NA,NA,NA,NA,NA,NA,NA,Philonthus varians,1,
53,Topi,21.08.07,7,28.08.07,NA,NA,,621121.1,284633.3,NA,NA,NA,NA,99,NA,1,NA,NA,NA,NA,NA,NA,NA,Bisnius fimetarius,1,
53,Topi,21.08.07,7,28.08.07,NA,NA,,621121.1,284633.3,NA,NA,NA,NA,99,NA,1,NA,NA,NA,NA,NA,NA,NA,Gyrohypnus angustatus,1,
53,Topi,21.08.07,7,28.08.07,NA,NA,,621121.1,284633.3,NA,NA,NA,NA,99,NA,1,NA,NA,NA,NA,NA,NA,NA,Megarthrus fennicus,1,
53,Topi,21.08.07,7,28.08.07,NA,NA,,621121.1,284633.3,NA,NA,NA,NA,99,NA,1,NA,NA,NA,NA,NA,NA,NA,Pteryx suturalis,1,
46,NA,NA,NA,NA,NA,NA,NA,NA,NA,NA,NA,NA,NA,NA,NA,NA,NA,NA,NA,NA,NA,NA,NA,Deliphrum tectum,2,
46,NA,NA,NA,NA,NA,NA,NA,NA,NA,NA,NA,NA,NA,NA,NA,NA,NA,NA,NA,NA,NA,NA,NA,Autalia longicornis,1,
46,NA,NA,NA,NA,NA,NA,NA,NA,NA,NA,NA,NA,NA,NA,NA,NA,NA,NA,NA,NA,NA,NA,NA,Atheta aeneipennis,3,
46,NA,NA,NA,NA,NA,NA,NA,NA,NA,NA,NA,NA,NA,NA,NA,NA,NA,NA,NA,NA,NA,NA,NA,Atheta picipes,1,
46,NA,NA,NA,NA,NA,NA,NA,NA,NA,NA,NA,NA,NA,NA,NA,NA,NA,NA,NA,NA,NA,NA,NA,Tachinus proximus,2,
46,NA,NA,NA,NA,NA,NA,NA,NA,NA,NA,NA,NA,NA,NA,NA,NA,NA,NA,NA,NA,NA,NA,NA,Proteinus brachypterus,2,
46,NA,NA,NA,NA,NA,NA,NA,NA,NA,NA,NA,NA,NA,NA,NA,NA,NA,NA,NA,NA,NA,NA,NA,Catops tristis,2,
42,NA,NA,NA,NA,NA,NA,NA,NA,NA,NA,NA,NA,NA,NA,NA,NA,NA,NA,NA,NA,NA,NA,NA,Sciodrepoides watsoni,1,
42,NA,NA,NA,NA,NA,NA,NA,NA,NA,NA,NA,NA,NA,NA,NA,NA,NA,NA,NA,NA,NA,NA,NA,Atheta aeneipennis,4,
42,NA,NA,NA,NA,NA,NA,NA,NA,NA,NA,NA,NA,NA,NA,NA,NA,NA,NA,NA,NA,NA,NA,NA,Nargus velox,2,
42,NA,NA,NA,NA,NA,NA,NA,NA,NA,NA,NA,NA,NA,NA,NA,NA,NA,NA,NA,NA,NA,NA,NA,Tachinus marginellus,5,
42,NA,NA,NA,NA,NA,NA,NA,NA,NA,NA,NA,NA,NA,NA,NA,NA,NA,NA,NA,NA,NA,NA,NA,Proteinus brachypterus,12,
41,NA,NA,NA,NA,NA,NA,NA,NA,NA,NA,NA,NA,NA,NA,NA,NA,NA,NA,NA,NA,NA,NA,NA,Deliphrum tectum,31,
41,NA,NA,NA,NA,NA,NA,NA,NA,NA,NA,NA,NA,NA,NA,NA,NA,NA,NA,NA,NA,NA,NA,NA,Atheta aeneipennis,2,
41,NA,NA,NA,NA,NA,NA,NA,NA,NA,NA,NA,NA,NA,NA,NA,NA,NA,NA,NA,NA,NA,NA,NA,Atheta picipennoides,2,
41,NA,NA,NA,NA,NA,NA,NA,NA,NA,NA,NA,NA,NA,NA,NA,NA,NA,NA,NA,NA,NA,NA,NA,Omalium rivulare,7,
39,Topi,12.09.07,3,15.09.07,NA,NA,,615952.8,290052.6,NA,40,NA,40,20,NA,NA,NA,NA,NA,NA,NA,NA,NA,Deliphrum tectum,35,
39,Topi,12.09.07,3,15.09.07,NA,NA,,615952.8,290052.6,NA,40,NA,40,20,NA,NA,NA,NA,NA,NA,NA,NA,NA,Atheta aeneipennis,10,
39,Topi,12.09.07,3,15.09.07,NA,NA,,615952.8,290052.6,NA,40,NA,40,20,NA,NA,NA,NA,NA,NA,NA,NA,NA,Tachinus proximus,1,
39,Topi,12.09.07,3,15.09.07,NA,NA,,615952.8,290052.6,NA,40,NA,40,20,NA,NA,NA,NA,NA,NA,NA,NA,NA,Omalium rivulare,2,
39,Topi,12.09.07,3,15.09.07,NA,NA,,615952.8,290052.6,NA,40,NA,40,20,NA,NA,NA,NA,NA,NA,NA,NA,NA,Tachinus marginellus,2,
36,Junnu,09.07.06,5,14.07.06,NA,NA,,632018.1,283557.1,100,NA,NA,NA,NA,NA,NA,NA,NA,NA,NA,NA,NA,NA,Deliphrum tectum,2,
36,Junnu,09.07.06,5,14.07.06,NA,NA,,632018.1,283557.1,100,NA,NA,NA,NA,NA,NA,NA,NA,NA,NA,NA,NA,NA,Autalia longicornis,41,
36,Junnu,09.07.06,5,14.07.06,NA,NA,,632018.1,283557.1,100,NA,NA,NA,NA,NA,NA,NA,NA,NA,NA,NA,NA,NA,Sciodrepoides alpestris,2,
36,Junnu,09.07.06,5,14.07.06,NA,NA,,632018.1,283557.1,100,NA,NA,NA,NA,NA,NA,NA,NA,NA,NA,NA,NA,NA,Omalium rivulare,3,
36,Junnu,09.07.06,5,14.07.06,NA,NA,,632018.1,283557.1,100,NA,NA,NA,NA,NA,NA,NA,NA,NA,NA,NA,NA,NA,Cercyon lateralis,1,
36,Junnu,09.07.06,5,14.07.06,NA,NA,,632018.1,283557.1,100,NA,NA,NA,NA,NA,NA,NA,NA,NA,NA,NA,NA,NA,Tachinus laticollis,4,
36,Junnu,09.07.06,5,14.07.06,NA,NA,,632018.1,283557.1,100,NA,NA,NA,NA,NA,NA,NA,NA,NA,NA,NA,NA,NA,Tachinus pallipes,3,
36,Junnu,09.07.06,5,14.07.06,NA,NA,,632018.1,283557.1,100,NA,NA,NA,NA,NA,NA,NA,NA,NA,NA,NA,NA,NA,Tachinus proximus,1,
36,Junnu,09.07.06,5,14.07.06,NA,NA,,632018.1,283557.1,100,NA,NA,NA,NA,NA,NA,NA,NA,NA,NA,NA,NA,NA,Anotylus clavatus,1,
36,Junnu,09.07.06,5,14.07.06,NA,NA,,632018.1,283557.1,100,NA,NA,NA,NA,NA,NA,NA,NA,NA,NA,NA,NA,NA,Megarthrus depressus,5,
36,Junnu,09.07.06,5,14.07.06,NA,NA,,632018.1,283557.1,100,NA,NA,NA,NA,NA,NA,NA,NA,NA,NA,NA,NA,NA,Megarthrus nitidulus,4,
36,Junnu,09.07.06,5,14.07.06,NA,NA,,632018.1,283557.1,100,NA,NA,NA,NA,NA,NA,NA,NA,NA,NA,NA,NA,NA,Bisnius puella,1,
36,Junnu,09.07.06,5,14.07.06,NA,NA,,632018.1,283557.1,100,NA,NA,NA,NA,NA,NA,NA,NA,NA,NA,NA,NA,NA,Atheta subtilis,13,
36,Junnu,09.07.06,5,14.07.06,NA,NA,,632018.1,283557.1,100,NA,NA,NA,NA,NA,NA,NA,NA,NA,NA,NA,NA,NA,Atheta pilicornis,1,
36,Junnu,09.07.06,5,14.07.06,NA,NA,,632018.1,283557.1,100,NA,NA,NA,NA,NA,NA,NA,NA,NA,NA,NA,NA,NA,Atheta cinnamoptera,3,
36,Junnu,09.07.06,5,14.07.06,NA,NA,,632018.1,283557.1,100,NA,NA,NA,NA,NA,NA,NA,NA,NA,NA,NA,NA,NA,Atheta euryptera,1,
36,Junnu,09.07.06,5,14.07.06,NA,NA,,632018.1,283557.1,100,NA,NA,NA,NA,NA,NA,NA,NA,NA,NA,NA,NA,NA,Atheta parapicipennis,1,
36,Junnu,09.07.06,5,14.07.06,NA,NA,,632018.1,283557.1,100,NA,NA,NA,NA,NA,NA,NA,NA,NA,NA,NA,NA,NA,Acrotrichis rugulosa,2,
40,NA,NA,NA,NA,NA,NA,NA,NA,NA,NA,NA,NA,NA,NA,NA,NA,NA,NA,NA,NA,NA,NA,NA,Deliphrum tectum,1,
40,NA,NA,NA,NA,NA,NA,NA,NA,NA,NA,NA,NA,NA,NA,NA,NA,NA,NA,NA,NA,NA,NA,NA,Atheta crassicornis/paracrassicornis,1,
40,NA,NA,NA,NA,NA,NA,NA,NA,NA,NA,NA,NA,NA,NA,NA,NA,NA,NA,NA,NA,NA,NA,NA,Atheta aeneipennis,28,
40,NA,NA,NA,NA,NA,NA,NA,NA,NA,NA,NA,NA,NA,NA,NA,NA,NA,NA,NA,NA,NA,NA,NA,Proteinus brachypterus,5,
40,NA,NA,NA,NA,NA,NA,NA,NA,NA,NA,NA,NA,NA,NA,NA,NA,NA,NA,NA,NA,NA,NA,NA,Megarthrus fennicus,1,
35,Junnu,08.07.06,5,14.07.06,NA,NA,,631210.6,285041.5,100,NA,NA,NA,NA,NA,NA,NA,NA,NA,NA,NA,NA,NA,Deliphrum tectum,13,
35,Junnu,08.07.06,5,14.07.06,NA,NA,,631210.6,285041.5,100,NA,NA,NA,NA,NA,NA,NA,NA,NA,NA,NA,NA,NA,Autalia longicornis,11,
35,Junnu,08.07.06,5,14.07.06,NA,NA,,631210.6,285041.5,100,NA,NA,NA,NA,NA,NA,NA,NA,NA,NA,NA,NA,NA,Bisnius puella,2,
35,Junnu,08.07.06,5,14.07.06,NA,NA,,631210.6,285041.5,100,NA,NA,NA,NA,NA,NA,NA,NA,NA,NA,NA,NA,NA,Megarthrus nitidulus,1,
35,Junnu,08.07.06,5,14.07.06,NA,NA,,631210.6,285041.5,100,NA,NA,NA,NA,NA,NA,NA,NA,NA,NA,NA,NA,NA,Tachinus proximus,2,
35,Junnu,08.07.06,5,14.07.06,NA,NA,,631210.6,285041.5,100,NA,NA,NA,NA,NA,NA,NA,NA,NA,NA,NA,NA,NA,Tachinus pallipes,1,
35,Junnu,08.07.06,5,14.07.06,NA,NA,,631210.6,285041.5,100,NA,NA,NA,NA,NA,NA,NA,NA,NA,NA,NA,NA,NA,Tachinus laticollis,2,
35,Junnu,08.07.06,5,14.07.06,NA,NA,,631210.6,285041.5,100,NA,NA,NA,NA,NA,NA,NA,NA,NA,NA,NA,NA,NA,Sciodrepoides alpestris,1,
35,Junnu,08.07.06,5,14.07.06,NA,NA,,631210.6,285041.5,100,NA,NA,NA,NA,NA,NA,NA,NA,NA,NA,NA,NA,NA,Atheta cinnamoptera,2,
35,Junnu,08.07.06,5,14.07.06,NA,NA,,631210.6,285041.5,100,NA,NA,NA,NA,NA,NA,NA,NA,NA,NA,NA,NA,NA,Atheta subtilis,4,
11,Akka,26.09.07,11,07.10.07,NA,NA,,625446.8,242930.5,NA,100,NA,NA,NA,NA,NA,NA,NA,NA,NA,NA,NA,NA,Glischrochilus quadripunctatus,1,
11,Akka,26.09.07,11,07.10.07,NA,NA,,625446.8,242930.5,NA,100,NA,NA,NA,NA,NA,NA,NA,NA,NA,NA,NA,NA,Deliphrum tectum,7,
11,Akka,26.09.07,11,07.10.07,NA,NA,,625446.8,242930.5,NA,100,NA,NA,NA,NA,NA,NA,NA,NA,NA,NA,NA,NA,Autalia longicornis,2,
11,Akka,26.09.07,11,07.10.07,NA,NA,,625446.8,242930.5,NA,100,NA,NA,NA,NA,NA,NA,NA,NA,NA,NA,NA,NA,Atheta boleticola,4,
11,Akka,26.09.07,11,07.10.07,NA,NA,,625446.8,242930.5,NA,100,NA,NA,NA,NA,NA,NA,NA,NA,NA,NA,NA,NA,Atheta aeneipennis,32,
11,Akka,26.09.07,11,07.10.07,NA,NA,,625446.8,242930.5,NA,100,NA,NA,NA,NA,NA,NA,NA,NA,NA,NA,NA,NA,Atheta subtilis,2,
11,Akka,26.09.07,11,07.10.07,NA,NA,,625446.8,242930.5,NA,100,NA,NA,NA,NA,NA,NA,NA,NA,NA,NA,NA,NA,Atheta laevana,3,
11,Akka,26.09.07,11,07.10.07,NA,NA,,625446.8,242930.5,NA,100,NA,NA,NA,NA,NA,NA,NA,NA,NA,NA,NA,NA,Atheta pilicornis,10,
11,Akka,26.09.07,11,07.10.07,NA,NA,,625446.8,242930.5,NA,100,NA,NA,NA,NA,NA,NA,NA,NA,NA,NA,NA,NA,Atheta nigricornis,1,
11,Akka,26.09.07,11,07.10.07,NA,NA,,625446.8,242930.5,NA,100,NA,NA,NA,NA,NA,NA,NA,NA,NA,NA,NA,NA,Atheta cinnamoptera,2,
11,Akka,26.09.07,11,07.10.07,NA,NA,,625446.8,242930.5,NA,100,NA,NA,NA,NA,NA,NA,NA,NA,NA,NA,NA,NA,Acrotrichis insularis,1,
11,Akka,26.09.07,11,07.10.07,NA,NA,,625446.8,242930.5,NA,100,NA,NA,NA,NA,NA,NA,NA,NA,NA,NA,NA,NA,Omalium rivulare,5,
11,Akka,26.09.07,11,07.10.07,NA,NA,,625446.8,242930.5,NA,100,NA,NA,NA,NA,NA,NA,NA,NA,NA,NA,NA,NA,Proteinus brachypterus,7,
37,Junnu,29.07.06,2,31.07.06,NA,NA,,634744.4,291948.4,4,NA,NA,5,NA,90,NA,NA,NA,1,NA,NA,NA,NA,Deliphrum tectum,5,
37,Junnu,29.07.06,2,31.07.06,NA,NA,,634744.4,291948.4,4,NA,NA,5,NA,90,NA,NA,NA,1,NA,NA,NA,NA,Sciodrepoides watsoni,1,
37,Junnu,29.07.06,2,31.07.06,NA,NA,,634744.4,291948.4,4,NA,NA,5,NA,90,NA,NA,NA,1,NA,NA,NA,NA,Autalia longicornis,1,
37,Junnu,29.07.06,2,31.07.06,NA,NA,,634744.4,291948.4,4,NA,NA,5,NA,90,NA,NA,NA,1,NA,NA,NA,NA,Aleochara moerens,1,
37,Junnu,29.07.06,2,31.07.06,NA,NA,,634744.4,291948.4,4,NA,NA,5,NA,90,NA,NA,NA,1,NA,NA,NA,NA,Atheta aeneipennis,4,
37,Junnu,29.07.06,2,31.07.06,NA,NA,,634744.4,291948.4,4,NA,NA,5,NA,90,NA,NA,NA,1,NA,NA,NA,NA,Atheta celata,1,
37,Junnu,29.07.06,2,31.07.06,NA,NA,,634744.4,291948.4,4,NA,NA,5,NA,90,NA,NA,NA,1,NA,NA,NA,NA,Atheta cinnamoptera,6,
37,Junnu,29.07.06,2,31.07.06,NA,NA,,634744.4,291948.4,4,NA,NA,5,NA,90,NA,NA,NA,1,NA,NA,NA,NA,Atheta subtilis,11,
37,Junnu,29.07.06,2,31.07.06,NA,NA,,634744.4,291948.4,4,NA,NA,5,NA,90,NA,NA,NA,1,NA,NA,NA,NA,Atheta nesslingi,1,
37,Junnu,29.07.06,2,31.07.06,NA,NA,,634744.4,291948.4,4,NA,NA,5,NA,90,NA,NA,NA,1,NA,NA,NA,NA,Omalium rivulare,1,
37,Junnu,29.07.06,2,31.07.06,NA,NA,,634744.4,291948.4,4,NA,NA,5,NA,90,NA,NA,NA,1,NA,NA,NA,NA,Tachinus proximus,6,
37,Junnu,29.07.06,2,31.07.06,NA,NA,,634744.4,291948.4,4,NA,NA,5,NA,90,NA,NA,NA,1,NA,NA,NA,NA,Tachinus pallipes,2,
37,Junnu,29.07.06,2,31.07.06,NA,NA,,634744.4,291948.4,4,NA,NA,5,NA,90,NA,NA,NA,1,NA,NA,NA,NA,Tachinus laticollis,1,
37,Junnu,29.07.06,2,31.07.06,NA,NA,,634744.4,291948.4,4,NA,NA,5,NA,90,NA,NA,NA,1,NA,NA,NA,NA,Tachinus marginellus,1,
12,NA,NA,NA,NA,NA,NA,NA,NA,NA,NA,NA,NA,NA,NA,NA,NA,NA,NA,NA,NA,NA,NA,NA,Deliphrum tectum,4,
12,NA,NA,NA,NA,NA,NA,NA,NA,NA,NA,NA,NA,NA,NA,NA,NA,NA,NA,NA,NA,NA,NA,NA,Atheta aeneipennis,5,
12,NA,NA,NA,NA,NA,NA,NA,NA,NA,NA,NA,NA,NA,NA,NA,NA,NA,NA,NA,NA,NA,NA,NA,Atheta pilicornis,5,
12,NA,NA,NA,NA,NA,NA,NA,NA,NA,NA,NA,NA,NA,NA,NA,NA,NA,NA,NA,NA,NA,NA,NA,Atheta boleticola,1,
12,NA,NA,NA,NA,NA,NA,NA,NA,NA,NA,NA,NA,NA,NA,NA,NA,NA,NA,NA,NA,NA,NA,NA,Tachinus laticollis,1,
12,NA,NA,NA,NA,NA,NA,NA,NA,NA,NA,NA,NA,NA,NA,NA,NA,NA,NA,NA,NA,NA,NA,NA,Proteinus brachypterus,1,
12,NA,NA,NA,NA,NA,NA,NA,NA,NA,NA,NA,NA,NA,NA,NA,NA,NA,NA,NA,NA,NA,NA,NA,Omalium rivulare,2,
12,NA,NA,NA,NA,NA,NA,NA,NA,NA,NA,NA,NA,NA,NA,NA,NA,NA,NA,NA,NA,NA,NA,NA,Xylodromus depressus,1,
14,NA,NA,NA,NA,NA,NA,NA,NA,NA,NA,NA,NA,NA,NA,NA,NA,NA,NA,NA,NA,NA,NA,NA,Deliphrum tectum,17,
14,NA,NA,NA,NA,NA,NA,NA,NA,NA,NA,NA,NA,NA,NA,NA,NA,NA,NA,NA,NA,NA,NA,NA,Atheta pilicornis,4,
14,NA,NA,NA,NA,NA,NA,NA,NA,NA,NA,NA,NA,NA,NA,NA,NA,NA,NA,NA,NA,NA,NA,NA,Atheta aeneipennis,16,
14,NA,NA,NA,NA,NA,NA,NA,NA,NA,NA,NA,NA,NA,NA,NA,NA,NA,NA,NA,NA,NA,NA,NA,Atheta boleticola,1,
14,NA,NA,NA,NA,NA,NA,NA,NA,NA,NA,NA,NA,NA,NA,NA,NA,NA,NA,NA,NA,NA,NA,NA,Atheta sodalis,2,
14,NA,NA,NA,NA,NA,NA,NA,NA,NA,NA,NA,NA,NA,NA,NA,NA,NA,NA,NA,NA,NA,NA,NA,Tachinus laticollis,2,
14,NA,NA,NA,NA,NA,NA,NA,NA,NA,NA,NA,NA,NA,NA,NA,NA,NA,NA,NA,NA,NA,NA,NA,Omalium rivulare,6,
14,NA,NA,NA,NA,NA,NA,NA,NA,NA,NA,NA,NA,NA,NA,NA,NA,NA,NA,NA,NA,NA,NA,NA,Omalium rugatum,1,
14,NA,NA,NA,NA,NA,NA,NA,NA,NA,NA,NA,NA,NA,NA,NA,NA,NA,NA,NA,NA,NA,NA,NA,Proteinus brachypterus,3,
23,NA,NA,NA,NA,NA,NA,NA,NA,NA,NA,NA,NA,NA,NA,NA,NA,NA,NA,NA,NA,NA,NA,NA,Sciodrepoides watsoni,7,
23,NA,NA,NA,NA,NA,NA,NA,NA,NA,NA,NA,NA,NA,NA,NA,NA,NA,NA,NA,NA,NA,NA,NA,Atheta cinnamoptera,6,
23,NA,NA,NA,NA,NA,NA,NA,NA,NA,NA,NA,NA,NA,NA,NA,NA,NA,NA,NA,NA,NA,NA,NA,Atheta fungi,1,
23,NA,NA,NA,NA,NA,NA,NA,NA,NA,NA,NA,NA,NA,NA,NA,NA,NA,NA,NA,NA,NA,NA,NA,Atheta sodalis,2,
23,NA,NA,NA,NA,NA,NA,NA,NA,NA,NA,NA,NA,NA,NA,NA,NA,NA,NA,NA,NA,NA,NA,NA,Atheta pilicornis,1,
23,NA,NA,NA,NA,NA,NA,NA,NA,NA,NA,NA,NA,NA,NA,NA,NA,NA,NA,NA,NA,NA,NA,NA,Omalium rugatum,1,
23,NA,NA,NA,NA,NA,NA,NA,NA,NA,NA,NA,NA,NA,NA,NA,NA,NA,NA,NA,NA,NA,NA,NA,Nargus velox,1,
1,Akka,05.07.07,6,11.07.07,NA,NA,,625352.8,245434.4,100,NA,NA,NA,NA,NA,NA,NA,NA,NA,NA,NA,NA,NA,Autalia longicornis,1,
1,Akka,05.07.07,6,11.07.07,NA,NA,,625352.8,245434.4,100,NA,NA,NA,NA,NA,NA,NA,NA,NA,NA,NA,NA,NA,Atheta cinnamoptera,1,
1,Akka,05.07.07,6,11.07.07,NA,NA,,625352.8,245434.4,100,NA,NA,NA,NA,NA,NA,NA,NA,NA,NA,NA,NA,NA,Atheta subtilis,5,
1,Akka,05.07.07,6,11.07.07,NA,NA,,625352.8,245434.4,100,NA,NA,NA,NA,NA,NA,NA,NA,NA,NA,NA,NA,NA,Atheta aeneipennis,1,
1,Akka,05.07.07,6,11.07.07,NA,NA,,625352.8,245434.4,100,NA,NA,NA,NA,NA,NA,NA,NA,NA,NA,NA,NA,NA,Atheta crassicornis/paracrassicornis,1,
1,Akka,05.07.07,6,11.07.07,NA,NA,,625352.8,245434.4,100,NA,NA,NA,NA,NA,NA,NA,NA,NA,NA,NA,NA,NA,Omalium rivulare,2,
1,Akka,05.07.07,6,11.07.07,NA,NA,,625352.8,245434.4,100,NA,NA,NA,NA,NA,NA,NA,NA,NA,NA,NA,NA,NA,Megarthrus depressus,4,
1,Akka,05.07.07,6,11.07.07,NA,NA,,625352.8,245434.4,100,NA,NA,NA,NA,NA,NA,NA,NA,NA,NA,NA,NA,NA,Megarthrus nitidulus,2,
1,Akka,05.07.07,6,11.07.07,NA,NA,,625352.8,245434.4,100,NA,NA,NA,NA,NA,NA,NA,NA,NA,NA,NA,NA,NA,Tachinus laticollis,4,
1,Akka,05.07.07,6,11.07.07,NA,NA,,625352.8,245434.4,100,NA,NA,NA,NA,NA,NA,NA,NA,NA,NA,NA,NA,NA,Tachinus pallipes,1,
1,Akka,05.07.07,6,11.07.07,NA,NA,,625352.8,245434.4,100,NA,NA,NA,NA,NA,NA,NA,NA,NA,NA,NA,NA,NA,Bisnius puella,1,
1,Akka,05.07.07,6,11.07.07,NA,NA,,625352.8,245434.4,100,NA,NA,NA,NA,NA,NA,NA,NA,NA,NA,NA,NA,NA,Philonthus succicola,1,
24,Renki,10.07.08,8,18.07.08,NA,NA,,624838.7,243923.8,15,NA,80,NA,NA,NA,NA,5,NA,NA,NA,NA,NA,NA,Deliphrum tectum,1,
24,Renki,10.07.08,8,18.07.08,NA,NA,,624838.7,243923.8,15,NA,80,NA,NA,NA,NA,5,NA,NA,NA,NA,NA,NA,Autalia longicornis,2,
24,Renki,10.07.08,8,18.07.08,NA,NA,,624838.7,243923.8,15,NA,80,NA,NA,NA,NA,5,NA,NA,NA,NA,NA,NA,Atheta cinnamoptera,4,
24,Renki,10.07.08,8,18.07.08,NA,NA,,624838.7,243923.8,15,NA,80,NA,NA,NA,NA,5,NA,NA,NA,NA,NA,NA,Atheta subtilis,1,
24,Renki,10.07.08,8,18.07.08,NA,NA,,624838.7,243923.8,15,NA,80,NA,NA,NA,NA,5,NA,NA,NA,NA,NA,NA,Atheta nesslingi,2,
24,Renki,10.07.08,8,18.07.08,NA,NA,,624838.7,243923.8,15,NA,80,NA,NA,NA,NA,5,NA,NA,NA,NA,NA,NA,Tachinus proximus,5,
24,Renki,10.07.08,8,18.07.08,NA,NA,,624838.7,243923.8,15,NA,80,NA,NA,NA,NA,5,NA,NA,NA,NA,NA,NA,Tachinus laticollis,1,
24,Renki,10.07.08,8,18.07.08,NA,NA,,624838.7,243923.8,15,NA,80,NA,NA,NA,NA,5,NA,NA,NA,NA,NA,NA,Megarthrus strandi,1,
4,NA,NA,NA,NA,NA,NA,NA,NA,NA,NA,NA,NA,NA,NA,NA,NA,NA,NA,NA,NA,NA,NA,NA,Deliphrum tectum,1,
4,NA,NA,NA,NA,NA,NA,NA,NA,NA,NA,NA,NA,NA,NA,NA,NA,NA,NA,NA,NA,NA,NA,NA,Atheta aeneipennis,6,
4,NA,NA,NA,NA,NA,NA,NA,NA,NA,NA,NA,NA,NA,NA,NA,NA,NA,NA,NA,NA,NA,NA,NA,Atheta crassicornis/paracrassicornis,1,
4,NA,NA,NA,NA,NA,NA,NA,NA,NA,NA,NA,NA,NA,NA,NA,NA,NA,NA,NA,NA,NA,NA,NA,Omalium rivulare,5,
4,NA,NA,NA,NA,NA,NA,NA,NA,NA,NA,NA,NA,NA,NA,NA,NA,NA,NA,NA,NA,NA,NA,NA,Atheta brunneipennis,1,
4,NA,NA,NA,NA,NA,NA,NA,NA,NA,NA,NA,NA,NA,NA,NA,NA,NA,NA,NA,NA,NA,NA,NA,Proteinus brachypterus,1,
4,NA,NA,NA,NA,NA,NA,NA,NA,NA,NA,NA,NA,NA,NA,NA,NA,NA,NA,NA,NA,NA,NA,NA,Tachinus marginellus,3,
4,NA,NA,NA,NA,NA,NA,NA,NA,NA,NA,NA,NA,NA,NA,NA,NA,NA,NA,NA,NA,NA,NA,NA,Euaesthetus bipunctatus,1,
22,NA,NA,NA,NA,NA,NA,NA,NA,NA,NA,NA,NA,NA,NA,NA,NA,NA,NA,NA,NA,NA,NA,NA,Atheta aeneipennis,1,
2,Akka,08.07.07,3,11.07.07,NA,NA,,623834.3,240954.6,100,NA,NA,NA,NA,NA,NA,NA,NA,NA,NA,NA,NA,NA,Deliphrum tectum,1,
2,Akka,08.07.07,3,11.07.07,NA,NA,,623834.3,240954.6,100,NA,NA,NA,NA,NA,NA,NA,NA,NA,NA,NA,NA,NA,Sciodrepoides watsoni,1,
2,Akka,08.07.07,3,11.07.07,NA,NA,,623834.3,240954.6,100,NA,NA,NA,NA,NA,NA,NA,NA,NA,NA,NA,NA,NA,Sciodrepoides fumatus,1,
2,Akka,08.07.07,3,11.07.07,NA,NA,,623834.3,240954.6,100,NA,NA,NA,NA,NA,NA,NA,NA,NA,NA,NA,NA,NA,Aleochara moerens,1,
2,Akka,08.07.07,3,11.07.07,NA,NA,,623834.3,240954.6,100,NA,NA,NA,NA,NA,NA,NA,NA,NA,NA,NA,NA,NA,Aleochara lanuginosa,1,
2,Akka,08.07.07,3,11.07.07,NA,NA,,623834.3,240954.6,100,NA,NA,NA,NA,NA,NA,NA,NA,NA,NA,NA,NA,NA,Atheta euryptera,7,
2,Akka,08.07.07,3,11.07.07,NA,NA,,623834.3,240954.6,100,NA,NA,NA,NA,NA,NA,NA,NA,NA,NA,NA,NA,NA,Atheta aeneipennis,2,
2,Akka,08.07.07,3,11.07.07,NA,NA,,623834.3,240954.6,100,NA,NA,NA,NA,NA,NA,NA,NA,NA,NA,NA,NA,NA,Atheta gagatina,3,
2,Akka,08.07.07,3,11.07.07,NA,NA,,623834.3,240954.6,100,NA,NA,NA,NA,NA,NA,NA,NA,NA,NA,NA,NA,NA,Atheta celata,4,
2,Akka,08.07.07,3,11.07.07,NA,NA,,623834.3,240954.6,100,NA,NA,NA,NA,NA,NA,NA,NA,NA,NA,NA,NA,NA,Atheta subtilis,1,
2,Akka,08.07.07,3,11.07.07,NA,NA,,623834.3,240954.6,100,NA,NA,NA,NA,NA,NA,NA,NA,NA,NA,NA,NA,NA,Atheta cinnamoptera,3,
2,Akka,08.07.07,3,11.07.07,NA,NA,,623834.3,240954.6,100,NA,NA,NA,NA,NA,NA,NA,NA,NA,NA,NA,NA,NA,Atheta picipes,1,
2,Akka,08.07.07,3,11.07.07,NA,NA,,623834.3,240954.6,100,NA,NA,NA,NA,NA,NA,NA,NA,NA,NA,NA,NA,NA,Atheta nesslingi,2,
2,Akka,08.07.07,3,11.07.07,NA,NA,,623834.3,240954.6,100,NA,NA,NA,NA,NA,NA,NA,NA,NA,NA,NA,NA,NA,Omalium rivulare,2,
2,Akka,08.07.07,3,11.07.07,NA,NA,,623834.3,240954.6,100,NA,NA,NA,NA,NA,NA,NA,NA,NA,NA,NA,NA,NA,Megarthrus nitidulus,1,
2,Akka,08.07.07,3,11.07.07,NA,NA,,623834.3,240954.6,100,NA,NA,NA,NA,NA,NA,NA,NA,NA,NA,NA,NA,NA,Cercyon lateralis,1,
13,Akka,06.07.07,4,10.07.07,NA,NA,,624009.2,241452.5,99,NA,NA,1,NA,NA,NA,NA,NA,NA,NA,NA,NA,NA,Deliphrum tectum,8,
13,Akka,06.07.07,4,10.07.07,NA,NA,,624009.2,241452.5,99,NA,NA,1,NA,NA,NA,NA,NA,NA,NA,NA,NA,NA,Sciodrepoides watsoni,5,
13,Akka,06.07.07,4,10.07.07,NA,NA,,624009.2,241452.5,99,NA,NA,1,NA,NA,NA,NA,NA,NA,NA,NA,NA,NA,Sciodrepoides fumatus,2,
13,Akka,06.07.07,4,10.07.07,NA,NA,,624009.2,241452.5,99,NA,NA,1,NA,NA,NA,NA,NA,NA,NA,NA,NA,NA,Autalia longicornis,4,
13,Akka,06.07.07,4,10.07.07,NA,NA,,624009.2,241452.5,99,NA,NA,1,NA,NA,NA,NA,NA,NA,NA,NA,NA,NA,Atheta aeneipennis,8,
13,Akka,06.07.07,4,10.07.07,NA,NA,,624009.2,241452.5,99,NA,NA,1,NA,NA,NA,NA,NA,NA,NA,NA,NA,NA,Atheta cinnamoptera,1,
13,Akka,06.07.07,4,10.07.07,NA,NA,,624009.2,241452.5,99,NA,NA,1,NA,NA,NA,NA,NA,NA,NA,NA,NA,NA,Atheta pilicornis,5,
13,Akka,06.07.07,4,10.07.07,NA,NA,,624009.2,241452.5,99,NA,NA,1,NA,NA,NA,NA,NA,NA,NA,NA,NA,NA,Omalium rivulare,2,
13,Akka,06.07.07,4,10.07.07,NA,NA,,624009.2,241452.5,99,NA,NA,1,NA,NA,NA,NA,NA,NA,NA,NA,NA,NA,Omalium rugatum,4,
13,Akka,06.07.07,4,10.07.07,NA,NA,,624009.2,241452.5,99,NA,NA,1,NA,NA,NA,NA,NA,NA,NA,NA,NA,NA,Megarthrus depressus,4,
13,Akka,06.07.07,4,10.07.07,NA,NA,,624009.2,241452.5,99,NA,NA,1,NA,NA,NA,NA,NA,NA,NA,NA,NA,NA,Megarthrus nitidulus,1,
13,Akka,06.07.07,4,10.07.07,NA,NA,,624009.2,241452.5,99,NA,NA,1,NA,NA,NA,NA,NA,NA,NA,NA,NA,NA,Philonthus succicola,1,
26,Renki,08.07.08,1,09.07.08,NA,NA,,623032.1,250116.19,100,NA,NA,NA,NA,NA,NA,NA,NA,NA,NA,NA,NA,NA,Deliphrum tectum,38,
26,Renki,08.07.08,1,09.07.08,NA,NA,,623032.1,250116.19,100,NA,NA,NA,NA,NA,NA,NA,NA,NA,NA,NA,NA,NA,Sciodrepoides watsoni,10,
26,Renki,08.07.08,1,09.07.08,NA,NA,,623032.1,250116.19,100,NA,NA,NA,NA,NA,NA,NA,NA,NA,NA,NA,NA,NA,Megarthrus depressus,1,
26,Renki,08.07.08,1,09.07.08,NA,NA,,623032.1,250116.19,100,NA,NA,NA,NA,NA,NA,NA,NA,NA,NA,NA,NA,NA,Atheta pilicornis,8,
26,Renki,08.07.08,1,09.07.08,NA,NA,,623032.1,250116.19,100,NA,NA,NA,NA,NA,NA,NA,NA,NA,NA,NA,NA,NA,Atheta aeneipennis,1,
26,Renki,08.07.08,1,09.07.08,NA,NA,,623032.1,250116.19,100,NA,NA,NA,NA,NA,NA,NA,NA,NA,NA,NA,NA,NA,Atheta cinnamoptera,4,
26,Renki,08.07.08,1,09.07.08,NA,NA,,623032.1,250116.19,100,NA,NA,NA,NA,NA,NA,NA,NA,NA,NA,NA,NA,NA,Atheta sodalis,1,
26,Renki,08.07.08,1,09.07.08,NA,NA,,623032.1,250116.19,100,NA,NA,NA,NA,NA,NA,NA,NA,NA,NA,NA,NA,NA,Acrotona parvula,1,
26,Renki,08.07.08,1,09.07.08,NA,NA,,623032.1,250116.19,100,NA,NA,NA,NA,NA,NA,NA,NA,NA,NA,NA,NA,NA,Tachinus pallipes,1,
26,Renki,08.07.08,1,09.07.08,NA,NA,,623032.1,250116.19,100,NA,NA,NA,NA,NA,NA,NA,NA,NA,NA,NA,NA,NA,Tachinus laticollis,2,
26,Renki,08.07.08,1,09.07.08,NA,NA,,623032.1,250116.19,100,NA,NA,NA,NA,NA,NA,NA,NA,NA,NA,NA,NA,NA,Omalium rivulare,3,
26,Renki,08.07.08,1,09.07.08,NA,NA,,623032.1,250116.19,100,NA,NA,NA,NA,NA,NA,NA,NA,NA,NA,NA,NA,NA,Omalium rugatum,2,
5,NA,NA,NA,NA,NA,NA,NA,NA,NA,NA,NA,NA,NA,NA,NA,NA,NA,NA,NA,NA,NA,NA,NA,Atheta sodalis,1,
5,NA,NA,NA,NA,NA,NA,NA,NA,NA,NA,NA,NA,NA,NA,NA,NA,NA,NA,NA,NA,NA,NA,NA,Atheta aeneipennis,2,
5,NA,NA,NA,NA,NA,NA,NA,NA,NA,NA,NA,NA,NA,NA,NA,NA,NA,NA,NA,NA,NA,NA,NA,Atheta pilicornis,2,
5,NA,NA,NA,NA,NA,NA,NA,NA,NA,NA,NA,NA,NA,NA,NA,NA,NA,NA,NA,NA,NA,NA,NA,Omalium rivulare,1,
5,NA,NA,NA,NA,NA,NA,NA,NA,NA,NA,NA,NA,NA,NA,NA,NA,NA,NA,NA,NA,NA,NA,NA,Anthobium atrocephalum,1,
5,NA,NA,NA,NA,NA,NA,NA,NA,NA,NA,NA,NA,NA,NA,NA,NA,NA,NA,NA,NA,NA,NA,NA,Proteinus brachypterus,5,
9,NA,NA,NA,NA,NA,NA,NA,NA,NA,NA,NA,NA,NA,NA,NA,NA,NA,NA,NA,NA,NA,NA,NA,Deliphrum tectum,21,
9,NA,NA,NA,NA,NA,NA,NA,NA,NA,NA,NA,NA,NA,NA,NA,NA,NA,NA,NA,NA,NA,NA,NA,Atheta aeneipennis,30,
9,NA,NA,NA,NA,NA,NA,NA,NA,NA,NA,NA,NA,NA,NA,NA,NA,NA,NA,NA,NA,NA,NA,NA,Atheta pilicornis,3,
9,NA,NA,NA,NA,NA,NA,NA,NA,NA,NA,NA,NA,NA,NA,NA,NA,NA,NA,NA,NA,NA,NA,NA,Atheta dwinensis,1,
9,NA,NA,NA,NA,NA,NA,NA,NA,NA,NA,NA,NA,NA,NA,NA,NA,NA,NA,NA,NA,NA,NA,NA,Atheta subtilis,1,
9,NA,NA,NA,NA,NA,NA,NA,NA,NA,NA,NA,NA,NA,NA,NA,NA,NA,NA,NA,NA,NA,NA,NA,Omalium rivulare,3,
9,NA,NA,NA,NA,NA,NA,NA,NA,NA,NA,NA,NA,NA,NA,NA,NA,NA,NA,NA,NA,NA,NA,NA,Proteinus brachypterus,1,
16,NA,NA,NA,NA,NA,NA,NA,NA,NA,NA,NA,NA,NA,NA,NA,NA,NA,NA,NA,NA,NA,NA,NA,Deliphrum tectum,3,
16,NA,NA,NA,NA,NA,NA,NA,NA,NA,NA,NA,NA,NA,NA,NA,NA,NA,NA,NA,NA,NA,NA,NA,Atheta aeneipennis,11,
16,NA,NA,NA,NA,NA,NA,NA,NA,NA,NA,NA,NA,NA,NA,NA,NA,NA,NA,NA,NA,NA,NA,NA,Atheta laevana,6,
16,NA,NA,NA,NA,NA,NA,NA,NA,NA,NA,NA,NA,NA,NA,NA,NA,NA,NA,NA,NA,NA,NA,NA,Atheta cinnamoptera,4,
16,NA,NA,NA,NA,NA,NA,NA,NA,NA,NA,NA,NA,NA,NA,NA,NA,NA,NA,NA,NA,NA,NA,NA,Atheta parapicipennis,1,
16,NA,NA,NA,NA,NA,NA,NA,NA,NA,NA,NA,NA,NA,NA,NA,NA,NA,NA,NA,NA,NA,NA,NA,Atheta celata,1,
16,NA,NA,NA,NA,NA,NA,NA,NA,NA,NA,NA,NA,NA,NA,NA,NA,NA,NA,NA,NA,NA,NA,NA,Autalia longicornis,1,
16,NA,NA,NA,NA,NA,NA,NA,NA,NA,NA,NA,NA,NA,NA,NA,NA,NA,NA,NA,NA,NA,NA,NA,Omalium rivulare,5,
16,NA,NA,NA,NA,NA,NA,NA,NA,NA,NA,NA,NA,NA,NA,NA,NA,NA,NA,NA,NA,NA,NA,NA,Proteinus brachypterus,1,
16,NA,NA,NA,NA,NA,NA,NA,NA,NA,NA,NA,NA,NA,NA,NA,NA,NA,NA,NA,NA,NA,NA,NA,Tachinus proximus,4,
16,NA,NA,NA,NA,NA,NA,NA,NA,NA,NA,NA,NA,NA,NA,NA,NA,NA,NA,NA,NA,NA,NA,NA,Platystethus arenarius,3,
34,Renki,05.07.08,4,09.07.08,1,NA,,622824.4,245412.1,20,NA,NA,NA,30,NA,NA,NA,50,NA,NA,NA,NA,NA,Deliphrum tectum,8,
34,Renki,05.07.08,4,09.07.08,1,NA,,622824.4,245412.1,20,NA,NA,NA,30,NA,NA,NA,50,NA,NA,NA,NA,NA,Sciodrepoides watsoni,1,
34,Renki,05.07.08,4,09.07.08,1,NA,,622824.4,245412.1,20,NA,NA,NA,30,NA,NA,NA,50,NA,NA,NA,NA,NA,Sciodrepoides fumatus,3,
34,Renki,05.07.08,4,09.07.08,1,NA,,622824.4,245412.1,20,NA,NA,NA,30,NA,NA,NA,50,NA,NA,NA,NA,NA,Atheta aeneipennis,4,
34,Renki,05.07.08,4,09.07.08,1,NA,,622824.4,245412.1,20,NA,NA,NA,30,NA,NA,NA,50,NA,NA,NA,NA,NA,Atheta crassicornis/paracrassicornis,10,
34,Renki,05.07.08,4,09.07.08,1,NA,,622824.4,245412.1,20,NA,NA,NA,30,NA,NA,NA,50,NA,NA,NA,NA,NA,Atheta europaea,10,
34,Renki,05.07.08,4,09.07.08,1,NA,,622824.4,245412.1,20,NA,NA,NA,30,NA,NA,NA,50,NA,NA,NA,NA,NA,Anacaena lutescens,1,
34,Renki,05.07.08,4,09.07.08,1,NA,,622824.4,245412.1,20,NA,NA,NA,30,NA,NA,NA,50,NA,NA,NA,NA,NA,Tachinus laticollis,1,
34,Renki,05.07.08,4,09.07.08,1,NA,,622824.4,245412.1,20,NA,NA,NA,30,NA,NA,NA,50,NA,NA,NA,NA,NA,Omalium rivulare,1,
34,Renki,05.07.08,4,09.07.08,1,NA,,622824.4,245412.1,20,NA,NA,NA,30,NA,NA,NA,50,NA,NA,NA,NA,NA,Proteinus brachypterus,1,
34,Renki,05.07.08,4,09.07.08,1,NA,,622824.4,245412.1,20,NA,NA,NA,30,NA,NA,NA,50,NA,NA,NA,NA,NA,Megarthrus depressus,3,
34,Renki,05.07.08,4,09.07.08,1,NA,,622824.4,245412.1,20,NA,NA,NA,30,NA,NA,NA,50,NA,NA,NA,NA,NA,Anthobium atrocephalum,1,
27,Renki,06.07.08,3,09.07.08,1,NA,,622520.9,245845.6,60,NA,NA,NA,39,NA,NA,NA,1,NA,NA,NA,NA,NA,Deliphrum tectum,6,
27,Renki,06.07.08,3,09.07.08,1,NA,,622520.9,245845.6,60,NA,NA,NA,39,NA,NA,NA,1,NA,NA,NA,NA,NA,Nicrophorus vespilloides,1,
27,Renki,06.07.08,3,09.07.08,1,NA,,622520.9,245845.6,60,NA,NA,NA,39,NA,NA,NA,1,NA,NA,NA,NA,NA,Sciodrepoides fumatus,1,
27,Renki,06.07.08,3,09.07.08,1,NA,,622520.9,245845.6,60,NA,NA,NA,39,NA,NA,NA,1,NA,NA,NA,NA,NA,Zyras humeralis,1,
27,Renki,06.07.08,3,09.07.08,1,NA,,622520.9,245845.6,60,NA,NA,NA,39,NA,NA,NA,1,NA,NA,NA,NA,NA,Atheta aeneipennis,1,
27,Renki,06.07.08,3,09.07.08,1,NA,,622520.9,245845.6,60,NA,NA,NA,39,NA,NA,NA,1,NA,NA,NA,NA,NA,Atheta cinnamoptera,2,
27,Renki,06.07.08,3,09.07.08,1,NA,,622520.9,245845.6,60,NA,NA,NA,39,NA,NA,NA,1,NA,NA,NA,NA,NA,Tachinus laticollis,2,
27,Renki,06.07.08,3,09.07.08,1,NA,,622520.9,245845.6,60,NA,NA,NA,39,NA,NA,NA,1,NA,NA,NA,NA,NA,Tachinus pallipes,1,
27,Renki,06.07.08,3,09.07.08,1,NA,,622520.9,245845.6,60,NA,NA,NA,39,NA,NA,NA,1,NA,NA,NA,NA,NA,Oxytelus laqueatus,2,
27,Renki,06.07.08,3,09.07.08,1,NA,,622520.9,245845.6,60,NA,NA,NA,39,NA,NA,NA,1,NA,NA,NA,NA,NA,Philonthus succicola,1,
7,Akka,07.07.07,4,11.07.07,NA,NA,,624147.4,241347.1,100,NA,NA,NA,NA,NA,NA,NA,NA,NA,NA,NA,NA,NA,Deporaus betulae,1,
7,Akka,07.07.07,4,11.07.07,NA,NA,,624147.4,241347.1,100,NA,NA,NA,NA,NA,NA,NA,NA,NA,NA,NA,NA,NA,Deliphrum tectum,1,
7,Akka,07.07.07,4,11.07.07,NA,NA,,624147.4,241347.1,100,NA,NA,NA,NA,NA,NA,NA,NA,NA,NA,NA,NA,NA,Sciodrepoides watsoni,1,
7,Akka,07.07.07,4,11.07.07,NA,NA,,624147.4,241347.1,100,NA,NA,NA,NA,NA,NA,NA,NA,NA,NA,NA,NA,NA,Atheta euryptera,1,
7,Akka,07.07.07,4,11.07.07,NA,NA,,624147.4,241347.1,100,NA,NA,NA,NA,NA,NA,NA,NA,NA,NA,NA,NA,NA,Atheta pilicornis,1,
7,Akka,07.07.07,4,11.07.07,NA,NA,,624147.4,241347.1,100,NA,NA,NA,NA,NA,NA,NA,NA,NA,NA,NA,NA,NA,Atheta crassicornis/paracrassicornis,1,
7,Akka,07.07.07,4,11.07.07,NA,NA,,624147.4,241347.1,100,NA,NA,NA,NA,NA,NA,NA,NA,NA,NA,NA,NA,NA,Tachinus laticollis,1,
7,Akka,07.07.07,4,11.07.07,NA,NA,,624147.4,241347.1,100,NA,NA,NA,NA,NA,NA,NA,NA,NA,NA,NA,NA,NA,Megarthrus nitidulus,1,
7,Akka,07.07.07,4,11.07.07,NA,NA,,624147.4,241347.1,100,NA,NA,NA,NA,NA,NA,NA,NA,NA,NA,NA,NA,NA,Anthophagus omalinus,1,
7,Akka,07.07.07,4,11.07.07,NA,NA,,624147.4,241347.1,100,NA,NA,NA,NA,NA,NA,NA,NA,NA,NA,NA,NA,NA,Omalium rugatum,1,
25,Renki,15.07.08,3,18.07.08,1,NA,,630039.3,244239,20,NA,NA,NA,80,NA,NA,NA,NA,NA,NA,NA,NA,NA,Sciodrepoides watsoni,2,
25,Renki,15.07.08,3,18.07.08,1,NA,,630039.3,244239,20,NA,NA,NA,80,NA,NA,NA,NA,NA,NA,NA,NA,NA,Atheta crassicornis/paracrassicornis,1,
25,Renki,15.07.08,3,18.07.08,1,NA,,630039.3,244239,20,NA,NA,NA,80,NA,NA,NA,NA,NA,NA,NA,NA,NA,Atheta cinnamoptera,1,
25,Renki,15.07.08,3,18.07.08,1,NA,,630039.3,244239,20,NA,NA,NA,80,NA,NA,NA,NA,NA,NA,NA,NA,NA,Atheta pilicornis,2,
25,Renki,15.07.08,3,18.07.08,1,NA,,630039.3,244239,20,NA,NA,NA,80,NA,NA,NA,NA,NA,NA,NA,NA,NA,Atheta subtilis,2,
25,Renki,15.07.08,3,18.07.08,1,NA,,630039.3,244239,20,NA,NA,NA,80,NA,NA,NA,NA,NA,NA,NA,NA,NA,Tachinus laticollis,3,
25,Renki,15.07.08,3,18.07.08,1,NA,,630039.3,244239,20,NA,NA,NA,80,NA,NA,NA,NA,NA,NA,NA,NA,NA,Bisnius puella,1,
32,Renki,11.07.08,7,18.07.08,NA,NA,,625907.9,243540.7,50,NA,50,NA,NA,NA,NA,NA,NA,NA,NA,NA,NA,NA,Deliphrum tectum,1,
32,Renki,11.07.08,7,18.07.08,NA,NA,,625907.9,243540.7,50,NA,50,NA,NA,NA,NA,NA,NA,NA,NA,NA,NA,NA,Atheta subtilis,2,
32,Renki,11.07.08,7,18.07.08,NA,NA,,625907.9,243540.7,50,NA,50,NA,NA,NA,NA,NA,NA,NA,NA,NA,NA,NA,Atheta cinnamoptera,1,
32,Renki,11.07.08,7,18.07.08,NA,NA,,625907.9,243540.7,50,NA,50,NA,NA,NA,NA,NA,NA,NA,NA,NA,NA,NA,Atheta crassicornis/paracrassicornis,2,
32,Renki,11.07.08,7,18.07.08,NA,NA,,625907.9,243540.7,50,NA,50,NA,NA,NA,NA,NA,NA,NA,NA,NA,NA,NA,Atheta pilicornis,1,
32,Renki,11.07.08,7,18.07.08,NA,NA,,625907.9,243540.7,50,NA,50,NA,NA,NA,NA,NA,NA,NA,NA,NA,NA,NA,Atheta parapicipennis,1,
32,Renki,11.07.08,7,18.07.08,NA,NA,,625907.9,243540.7,50,NA,50,NA,NA,NA,NA,NA,NA,NA,NA,NA,NA,NA,Cercyon lateralis,1,
32,Renki,11.07.08,7,18.07.08,NA,NA,,625907.9,243540.7,50,NA,50,NA,NA,NA,NA,NA,NA,NA,NA,NA,NA,NA,Bisnius puella,3,
32,Renki,11.07.08,7,18.07.08,NA,NA,,625907.9,243540.7,50,NA,50,NA,NA,NA,NA,NA,NA,NA,NA,NA,NA,NA,Megarthrus nitidulus,2,
32,Renki,11.07.08,7,18.07.08,NA,NA,,625907.9,243540.7,50,NA,50,NA,NA,NA,NA,NA,NA,NA,NA,NA,NA,NA,Tachinus pallipes,1,
32,Renki,11.07.08,7,18.07.08,NA,NA,,625907.9,243540.7,50,NA,50,NA,NA,NA,NA,NA,NA,NA,NA,NA,NA,NA,Tachinus proximus,1,
15,NA,NA,NA,NA,NA,NA,NA,NA,NA,NA,NA,NA,NA,NA,NA,NA,NA,NA,NA,NA,NA,NA,NA,Deliphrum tectum,2,
15,NA,NA,NA,NA,NA,NA,NA,NA,NA,NA,NA,NA,NA,NA,NA,NA,NA,NA,NA,NA,NA,NA,NA,Anthobium atrocephalum,1,
15,NA,NA,NA,NA,NA,NA,NA,NA,NA,NA,NA,NA,NA,NA,NA,NA,NA,NA,NA,NA,NA,NA,NA,Sciodrepoides watsoni,1,
15,NA,NA,NA,NA,NA,NA,NA,NA,NA,NA,NA,NA,NA,NA,NA,NA,NA,NA,NA,NA,NA,NA,NA,Autalia longicornis,5,
15,NA,NA,NA,NA,NA,NA,NA,NA,NA,NA,NA,NA,NA,NA,NA,NA,NA,NA,NA,NA,NA,NA,NA,Atheta cinnamoptera,3,
15,NA,NA,NA,NA,NA,NA,NA,NA,NA,NA,NA,NA,NA,NA,NA,NA,NA,NA,NA,NA,NA,NA,NA,Atheta aeneipennis,27,
15,NA,NA,NA,NA,NA,NA,NA,NA,NA,NA,NA,NA,NA,NA,NA,NA,NA,NA,NA,NA,NA,NA,NA,Atheta sodalis,1,
15,NA,NA,NA,NA,NA,NA,NA,NA,NA,NA,NA,NA,NA,NA,NA,NA,NA,NA,NA,NA,NA,NA,NA,Aleochara moerens,1,
15,NA,NA,NA,NA,NA,NA,NA,NA,NA,NA,NA,NA,NA,NA,NA,NA,NA,NA,NA,NA,NA,NA,NA,Atheta pilicornis,3,
15,NA,NA,NA,NA,NA,NA,NA,NA,NA,NA,NA,NA,NA,NA,NA,NA,NA,NA,NA,NA,NA,NA,NA,Atheta parapicipennis,4,
15,NA,NA,NA,NA,NA,NA,NA,NA,NA,NA,NA,NA,NA,NA,NA,NA,NA,NA,NA,NA,NA,NA,NA,Tachinus laticollis,1,
15,NA,NA,NA,NA,NA,NA,NA,NA,NA,NA,NA,NA,NA,NA,NA,NA,NA,NA,NA,NA,NA,NA,NA,Tachinus marginellus,1,
15,NA,NA,NA,NA,NA,NA,NA,NA,NA,NA,NA,NA,NA,NA,NA,NA,NA,NA,NA,NA,NA,NA,NA,Tachinus proximus,1,
15,NA,NA,NA,NA,NA,NA,NA,NA,NA,NA,NA,NA,NA,NA,NA,NA,NA,NA,NA,NA,NA,NA,NA,Omalium rivulare,1,
15,NA,NA,NA,NA,NA,NA,NA,NA,NA,NA,NA,NA,NA,NA,NA,NA,NA,NA,NA,NA,NA,NA,NA,Megarthrus depressus,5,
15,NA,NA,NA,NA,NA,NA,NA,NA,NA,NA,NA,NA,NA,NA,NA,NA,NA,NA,NA,NA,NA,NA,NA,Megarthrus nitidulus,1,
15,NA,NA,NA,NA,NA,NA,NA,NA,NA,NA,NA,NA,NA,NA,NA,NA,NA,NA,NA,NA,NA,NA,NA,Proteinus brachypterus,3,
21,NA,NA,NA,NA,NA,NA,NA,NA,NA,NA,NA,NA,NA,NA,NA,NA,NA,NA,NA,NA,NA,NA,NA,Atheta aeneipennis,28,
21,NA,NA,NA,NA,NA,NA,NA,NA,NA,NA,NA,NA,NA,NA,NA,NA,NA,NA,NA,NA,NA,NA,NA,Atheta cinnamoptera,3,
21,NA,NA,NA,NA,NA,NA,NA,NA,NA,NA,NA,NA,NA,NA,NA,NA,NA,NA,NA,NA,NA,NA,NA,Proteinus brachypterus,3,
19,NA,NA,NA,NA,NA,NA,NA,NA,NA,NA,NA,NA,NA,NA,NA,NA,NA,NA,NA,NA,NA,NA,NA,Tachinus pallipes,5,
19,NA,NA,NA,NA,NA,NA,NA,NA,NA,NA,NA,NA,NA,NA,NA,NA,NA,NA,NA,NA,NA,NA,NA,Tachinus laticollis,10,
19,NA,NA,NA,NA,NA,NA,NA,NA,NA,NA,NA,NA,NA,NA,NA,NA,NA,NA,NA,NA,NA,NA,NA,Omalium rivulare,1,
19,NA,NA,NA,NA,NA,NA,NA,NA,NA,NA,NA,NA,NA,NA,NA,NA,NA,NA,NA,NA,NA,NA,NA,Proteinus brachypterus,16,
92,Osmo,09.07.07,3,12.07.07,NA,NA,,631853.1,245126.7,100,NA,NA,NA,NA,NA,NA,NA,NA,NA,NA,NA,NA,NA,Autalia longicornis,1,
92,Osmo,09.07.07,3,12.07.07,NA,NA,,631853.1,245126.7,100,NA,NA,NA,NA,NA,NA,NA,NA,NA,NA,NA,NA,NA,Sciodrepoides watsoni,1,
92,Osmo,09.07.07,3,12.07.07,NA,NA,,631853.1,245126.7,100,NA,NA,NA,NA,NA,NA,NA,NA,NA,NA,NA,NA,NA,Megarthrus nitidulus,1,
92,Osmo,09.07.07,3,12.07.07,NA,NA,,631853.1,245126.7,100,NA,NA,NA,NA,NA,NA,NA,NA,NA,NA,NA,NA,NA,Megarthrus depressus,1,
92,Osmo,09.07.07,3,12.07.07,NA,NA,,631853.1,245126.7,100,NA,NA,NA,NA,NA,NA,NA,NA,NA,NA,NA,NA,NA,Tachinus pallipes,4,
92,Osmo,09.07.07,3,12.07.07,NA,NA,,631853.1,245126.7,100,NA,NA,NA,NA,NA,NA,NA,NA,NA,NA,NA,NA,NA,Tachinus laticollis,3,
92,Osmo,09.07.07,3,12.07.07,NA,NA,,631853.1,245126.7,100,NA,NA,NA,NA,NA,NA,NA,NA,NA,NA,NA,NA,NA,Omalium rivulare,2,
92,Osmo,09.07.07,3,12.07.07,NA,NA,,631853.1,245126.7,100,NA,NA,NA,NA,NA,NA,NA,NA,NA,NA,NA,NA,NA,Gabrius osseticus,1,
92,Osmo,09.07.07,3,12.07.07,NA,NA,,631853.1,245126.7,100,NA,NA,NA,NA,NA,NA,NA,NA,NA,NA,NA,NA,NA,Atheta cinnamoptera,6,
92,Osmo,09.07.07,3,12.07.07,NA,NA,,631853.1,245126.7,100,NA,NA,NA,NA,NA,NA,NA,NA,NA,NA,NA,NA,NA,Atheta nigricornis,8,
92,Osmo,09.07.07,3,12.07.07,NA,NA,,631853.1,245126.7,100,NA,NA,NA,NA,NA,NA,NA,NA,NA,NA,NA,NA,NA,Atheta euryptera,2,
92,Osmo,09.07.07,3,12.07.07,NA,NA,,631853.1,245126.7,100,NA,NA,NA,NA,NA,NA,NA,NA,NA,NA,NA,NA,NA,Atheta pilicornis,1,
92,Osmo,09.07.07,3,12.07.07,NA,NA,,631853.1,245126.7,100,NA,NA,NA,NA,NA,NA,NA,NA,NA,NA,NA,NA,NA,Atheta nesslingi,3,
92,Osmo,09.07.07,3,12.07.07,NA,NA,,631853.1,245126.7,100,NA,NA,NA,NA,NA,NA,NA,NA,NA,NA,NA,NA,NA,Atheta nigripes,1,
30,NA,NA,NA,NA,NA,NA,NA,NA,NA,NA,NA,NA,NA,NA,NA,NA,NA,NA,NA,NA,NA,NA,NA,Sciodrepoides watsoni,3,
30,NA,NA,NA,NA,NA,NA,NA,NA,NA,NA,NA,NA,NA,NA,NA,NA,NA,NA,NA,NA,NA,NA,NA,Deliphrum tectum,2,
30,NA,NA,NA,NA,NA,NA,NA,NA,NA,NA,NA,NA,NA,NA,NA,NA,NA,NA,NA,NA,NA,NA,NA,Atheta aeneipennis,2,
30,NA,NA,NA,NA,NA,NA,NA,NA,NA,NA,NA,NA,NA,NA,NA,NA,NA,NA,NA,NA,NA,NA,NA,Atheta cinnamoptera,6,
30,NA,NA,NA,NA,NA,NA,NA,NA,NA,NA,NA,NA,NA,NA,NA,NA,NA,NA,NA,NA,NA,NA,NA,Atheta gagatina,1,
30,NA,NA,NA,NA,NA,NA,NA,NA,NA,NA,NA,NA,NA,NA,NA,NA,NA,NA,NA,NA,NA,NA,NA,Tachinus laticollis,2,
30,NA,NA,NA,NA,NA,NA,NA,NA,NA,NA,NA,NA,NA,NA,NA,NA,NA,NA,NA,NA,NA,NA,NA,Megarthrus depressus,4,
30,NA,NA,NA,NA,NA,NA,NA,NA,NA,NA,NA,NA,NA,NA,NA,NA,NA,NA,NA,NA,NA,NA,NA,Proteinus brachypterus,1,
30,NA,NA,NA,NA,NA,NA,NA,NA,NA,NA,NA,NA,NA,NA,NA,NA,NA,NA,NA,NA,NA,NA,NA,Anotylus clavatus,1,
31,NA,NA,NA,NA,NA,NA,NA,NA,NA,NA,NA,NA,NA,NA,NA,NA,NA,NA,NA,NA,NA,NA,NA,Sciodrepoides watsoni,1,
31,NA,NA,NA,NA,NA,NA,NA,NA,NA,NA,NA,NA,NA,NA,NA,NA,NA,NA,NA,NA,NA,NA,NA,Sciodrepoides fumatus,1,
31,NA,NA,NA,NA,NA,NA,NA,NA,NA,NA,NA,NA,NA,NA,NA,NA,NA,NA,NA,NA,NA,NA,NA,Nargus velox,1,
31,NA,NA,NA,NA,NA,NA,NA,NA,NA,NA,NA,NA,NA,NA,NA,NA,NA,NA,NA,NA,NA,NA,NA,Atheta cinnamoptera,10,
31,NA,NA,NA,NA,NA,NA,NA,NA,NA,NA,NA,NA,NA,NA,NA,NA,NA,NA,NA,NA,NA,NA,NA,Atheta laticollis,1,
31,NA,NA,NA,NA,NA,NA,NA,NA,NA,NA,NA,NA,NA,NA,NA,NA,NA,NA,NA,NA,NA,NA,NA,Atheta crassicornis/paracrassicornis,5,
31,NA,NA,NA,NA,NA,NA,NA,NA,NA,NA,NA,NA,NA,NA,NA,NA,NA,NA,NA,NA,NA,NA,NA,Atheta aeneipennis,1,
31,NA,NA,NA,NA,NA,NA,NA,NA,NA,NA,NA,NA,NA,NA,NA,NA,NA,NA,NA,NA,NA,NA,NA,Atheta nigripes,1,
31,NA,NA,NA,NA,NA,NA,NA,NA,NA,NA,NA,NA,NA,NA,NA,NA,NA,NA,NA,NA,NA,NA,NA,Acrotona parvula,1,
31,NA,NA,NA,NA,NA,NA,NA,NA,NA,NA,NA,NA,NA,NA,NA,NA,NA,NA,NA,NA,NA,NA,NA,Atheta subtilis,2,
31,NA,NA,NA,NA,NA,NA,NA,NA,NA,NA,NA,NA,NA,NA,NA,NA,NA,NA,NA,NA,NA,NA,NA,Atheta nesslingi,2,
31,NA,NA,NA,NA,NA,NA,NA,NA,NA,NA,NA,NA,NA,NA,NA,NA,NA,NA,NA,NA,NA,NA,NA,Bisnius puella,1,
31,NA,NA,NA,NA,NA,NA,NA,NA,NA,NA,NA,NA,NA,NA,NA,NA,NA,NA,NA,NA,NA,NA,NA,Philonthus marginatus,1,
31,NA,NA,NA,NA,NA,NA,NA,NA,NA,NA,NA,NA,NA,NA,NA,NA,NA,NA,NA,NA,NA,NA,NA,Megasternum concinnum,1,
31,NA,NA,NA,NA,NA,NA,NA,NA,NA,NA,NA,NA,NA,NA,NA,NA,NA,NA,NA,NA,NA,NA,NA,Tachinus laticollis,4,
31,NA,NA,NA,NA,NA,NA,NA,NA,NA,NA,NA,NA,NA,NA,NA,NA,NA,NA,NA,NA,NA,NA,NA,Tachinus basalis,4,
31,NA,NA,NA,NA,NA,NA,NA,NA,NA,NA,NA,NA,NA,NA,NA,NA,NA,NA,NA,NA,NA,NA,NA,Tachinus pallipes,4,
31,NA,NA,NA,NA,NA,NA,NA,NA,NA,NA,NA,NA,NA,NA,NA,NA,NA,NA,NA,NA,NA,NA,NA,Megarthrus depressus,2,
31,NA,NA,NA,NA,NA,NA,NA,NA,NA,NA,NA,NA,NA,NA,NA,NA,NA,NA,NA,NA,NA,NA,NA,Acrotrichis rugulosa,2,
33,Renki,04.07.08,5,09.07.08,NA,NA,,622758.1,250908.4,15,NA,NA,NA,NA,NA,NA,NA,85,NA,NA,NA,NA,NA,Deliphrum tectum,6,
33,Renki,04.07.08,5,09.07.08,NA,NA,,622758.1,250908.4,15,NA,NA,NA,NA,NA,NA,NA,85,NA,NA,NA,NA,NA,Sciodrepoides watsoni,7,
33,Renki,04.07.08,5,09.07.08,NA,NA,,622758.1,250908.4,15,NA,NA,NA,NA,NA,NA,NA,85,NA,NA,NA,NA,NA,Sciodrepoides fumatus,7,
33,Renki,04.07.08,5,09.07.08,NA,NA,,622758.1,250908.4,15,NA,NA,NA,NA,NA,NA,NA,85,NA,NA,NA,NA,NA,Autalia longicornis,2,
33,Renki,04.07.08,5,09.07.08,NA,NA,,622758.1,250908.4,15,NA,NA,NA,NA,NA,NA,NA,85,NA,NA,NA,NA,NA,Atheta cinnamoptera,4,
33,Renki,04.07.08,5,09.07.08,NA,NA,,622758.1,250908.4,15,NA,NA,NA,NA,NA,NA,NA,85,NA,NA,NA,NA,NA,Atheta aeneipennis,1,
33,Renki,04.07.08,5,09.07.08,NA,NA,,622758.1,250908.4,15,NA,NA,NA,NA,NA,NA,NA,85,NA,NA,NA,NA,NA,Atheta crassicornis/paracrassicornis,4,
33,Renki,04.07.08,5,09.07.08,NA,NA,,622758.1,250908.4,15,NA,NA,NA,NA,NA,NA,NA,85,NA,NA,NA,NA,NA,Atheta pilicornis,4,
33,Renki,04.07.08,5,09.07.08,NA,NA,,622758.1,250908.4,15,NA,NA,NA,NA,NA,NA,NA,85,NA,NA,NA,NA,NA,Atheta nesslingi,1,
33,Renki,04.07.08,5,09.07.08,NA,NA,,622758.1,250908.4,15,NA,NA,NA,NA,NA,NA,NA,85,NA,NA,NA,NA,NA,Bisnius puella,5,
33,Renki,04.07.08,5,09.07.08,NA,NA,,622758.1,250908.4,15,NA,NA,NA,NA,NA,NA,NA,85,NA,NA,NA,NA,NA,Philonthus succicola,1,
33,Renki,04.07.08,5,09.07.08,NA,NA,,622758.1,250908.4,15,NA,NA,NA,NA,NA,NA,NA,85,NA,NA,NA,NA,NA,Tachinus laticollis,2,
33,Renki,04.07.08,5,09.07.08,NA,NA,,622758.1,250908.4,15,NA,NA,NA,NA,NA,NA,NA,85,NA,NA,NA,NA,NA,Tachinus pallipes,6,
33,Renki,04.07.08,5,09.07.08,NA,NA,,622758.1,250908.4,15,NA,NA,NA,NA,NA,NA,NA,85,NA,NA,NA,NA,NA,Tachinus basalis,1,
33,Renki,04.07.08,5,09.07.08,NA,NA,,622758.1,250908.4,15,NA,NA,NA,NA,NA,NA,NA,85,NA,NA,NA,NA,NA,Tachinus proximus,1,
33,Renki,04.07.08,5,09.07.08,NA,NA,,622758.1,250908.4,15,NA,NA,NA,NA,NA,NA,NA,85,NA,NA,NA,NA,NA,Omalium rivulare,1,
33,Renki,04.07.08,5,09.07.08,NA,NA,,622758.1,250908.4,15,NA,NA,NA,NA,NA,NA,NA,85,NA,NA,NA,NA,NA,Omalium rugatum,1,
33,Renki,04.07.08,5,09.07.08,NA,NA,,622758.1,250908.4,15,NA,NA,NA,NA,NA,NA,NA,85,NA,NA,NA,NA,NA,Megarthrus depressus,7,
18,Likka,18.06.08,7,25.06.08,NA,NA,,623013.5,244511.6,50,NA,1,NA,49,NA,NA,NA,NA,NA,NA,NA,NA,NA,Atheta cinnamoptera,4,"tai 81 (62.30.13,5: 24.45.11,6)"
18,Likka,18.06.08,7,25.06.08,NA,NA,,623013.5,244511.6,50,NA,1,NA,49,NA,NA,NA,NA,NA,NA,NA,NA,NA,Acrotona parvula,1,"tai 81 (62.30.13,5: 24.45.11,6)"
18,Likka,18.06.08,7,25.06.08,NA,NA,,623013.5,244511.6,50,NA,1,NA,49,NA,NA,NA,NA,NA,NA,NA,NA,NA,Atheta nesslingi,2,"tai 81 (62.30.13,5: 24.45.11,6)"
18,Likka,18.06.08,7,25.06.08,NA,NA,,623013.5,244511.6,50,NA,1,NA,49,NA,NA,NA,NA,NA,NA,NA,NA,NA,Bisnius puella,4,"tai 81 (62.30.13,5: 24.45.11,6)"
18,Likka,18.06.08,7,25.06.08,NA,NA,,623013.5,244511.6,50,NA,1,NA,49,NA,NA,NA,NA,NA,NA,NA,NA,NA,Philonthus varians,1,"tai 81 (62.30.13,5: 24.45.11,6)"
18,Likka,18.06.08,7,25.06.08,NA,NA,,623013.5,244511.6,50,NA,1,NA,49,NA,NA,NA,NA,NA,NA,NA,NA,NA,Cercyon lateralis,2,"tai 81 (62.30.13,5: 24.45.11,6)"
10,NA,NA,NA,NA,NA,NA,NA,NA,NA,NA,NA,NA,NA,NA,NA,NA,NA,NA,NA,NA,NA,NA,NA,Deliphrum tectum,1,
10,NA,NA,NA,NA,NA,NA,NA,NA,NA,NA,NA,NA,NA,NA,NA,NA,NA,NA,NA,NA,NA,NA,NA,Atheta crassicornis/paracrassicornis,10,
10,NA,NA,NA,NA,NA,NA,NA,NA,NA,NA,NA,NA,NA,NA,NA,NA,NA,NA,NA,NA,NA,NA,NA,Atheta pilicornis,1,
10,NA,NA,NA,NA,NA,NA,NA,NA,NA,NA,NA,NA,NA,NA,NA,NA,NA,NA,NA,NA,NA,NA,NA,Atheta boleticola,20,
10,NA,NA,NA,NA,NA,NA,NA,NA,NA,NA,NA,NA,NA,NA,NA,NA,NA,NA,NA,NA,NA,NA,NA,Atheta aeneipennis,2,
10,NA,NA,NA,NA,NA,NA,NA,NA,NA,NA,NA,NA,NA,NA,NA,NA,NA,NA,NA,NA,NA,NA,NA,Atheta nigritula,3,
10,NA,NA,NA,NA,NA,NA,NA,NA,NA,NA,NA,NA,NA,NA,NA,NA,NA,NA,NA,NA,NA,NA,NA,Autalia longicornis,1,
10,NA,NA,NA,NA,NA,NA,NA,NA,NA,NA,NA,NA,NA,NA,NA,NA,NA,NA,NA,NA,NA,NA,NA,Omalium rivulare,3,
10,NA,NA,NA,NA,NA,NA,NA,NA,NA,NA,NA,NA,NA,NA,NA,NA,NA,NA,NA,NA,NA,NA,NA,Proteinus brachypterus,85,
20,NA,NA,NA,NA,NA,NA,NA,NA,NA,NA,NA,NA,NA,NA,NA,NA,NA,NA,NA,NA,NA,NA,NA,Deliphrum tectum,4,
20,NA,NA,NA,NA,NA,NA,NA,NA,NA,NA,NA,NA,NA,NA,NA,NA,NA,NA,NA,NA,NA,NA,NA,Atheta aeneipennis,12,
20,NA,NA,NA,NA,NA,NA,NA,NA,NA,NA,NA,NA,NA,NA,NA,NA,NA,NA,NA,NA,NA,NA,NA,Atheta parapicipennis,2,
20,NA,NA,NA,NA,NA,NA,NA,NA,NA,NA,NA,NA,NA,NA,NA,NA,NA,NA,NA,NA,NA,NA,NA,Tachinus proximus,13,
20,NA,NA,NA,NA,NA,NA,NA,NA,NA,NA,NA,NA,NA,NA,NA,NA,NA,NA,NA,NA,NA,NA,NA,Omalium rivulare,1,
29,Renki,06.07.08,3,09.07.08,2,NA,,622520.9,245845.6,90,NA,1,NA,9,NA,NA,NA,NA,NA,NA,NA,NA,NA,Deliphrum tectum,7,
29,Renki,06.07.08,3,09.07.08,2,NA,,622520.9,245845.6,90,NA,1,NA,9,NA,NA,NA,NA,NA,NA,NA,NA,NA,Atheta nesslingi,1,
29,Renki,06.07.08,3,09.07.08,2,NA,,622520.9,245845.6,90,NA,1,NA,9,NA,NA,NA,NA,NA,NA,NA,NA,NA,Atheta crassicornis/paracrassicornis,2,
29,Renki,06.07.08,3,09.07.08,2,NA,,622520.9,245845.6,90,NA,1,NA,9,NA,NA,NA,NA,NA,NA,NA,NA,NA,Atheta cinnamoptera,4,
29,Renki,06.07.08,3,09.07.08,2,NA,,622520.9,245845.6,90,NA,1,NA,9,NA,NA,NA,NA,NA,NA,NA,NA,NA,Tachinus laticollis,5,
29,Renki,06.07.08,3,09.07.08,2,NA,,622520.9,245845.6,90,NA,1,NA,9,NA,NA,NA,NA,NA,NA,NA,NA,NA,Tachinus pallipes,2,
29,Renki,06.07.08,3,09.07.08,2,NA,,622520.9,245845.6,90,NA,1,NA,9,NA,NA,NA,NA,NA,NA,NA,NA,NA,Philonthus politus,1,
29,Renki,06.07.08,3,09.07.08,2,NA,,622520.9,245845.6,90,NA,1,NA,9,NA,NA,NA,NA,NA,NA,NA,NA,NA,Platystethus arenarius,1,
29,Renki,06.07.08,3,09.07.08,2,NA,,622520.9,245845.6,90,NA,1,NA,9,NA,NA,NA,NA,NA,NA,NA,NA,NA,Megarthrus nitidulus,1,
29,Renki,06.07.08,3,09.07.08,2,NA,,622520.9,245845.6,90,NA,1,NA,9,NA,NA,NA,NA,NA,NA,NA,NA,NA,Omalium rivulare,4,
17,Akka,20.08.08,8,28.08.08,NA,NA,,624815.9,243754.8,5,95,NA,NA,NA,NA,NA,NA,NA,NA,NA,NA,NA,NA,Deliphrum tectum,2,
17,Akka,20.08.08,8,28.08.08,NA,NA,,624815.9,243754.8,5,95,NA,NA,NA,NA,NA,NA,NA,NA,NA,NA,NA,NA,Nargus velox,2,
17,Akka,20.08.08,8,28.08.08,NA,NA,,624815.9,243754.8,5,95,NA,NA,NA,NA,NA,NA,NA,NA,NA,NA,NA,NA,Atheta aeneipennis,41,
17,Akka,20.08.08,8,28.08.08,NA,NA,,624815.9,243754.8,5,95,NA,NA,NA,NA,NA,NA,NA,NA,NA,NA,NA,NA,Atheta picipennoides,6,
17,Akka,20.08.08,8,28.08.08,NA,NA,,624815.9,243754.8,5,95,NA,NA,NA,NA,NA,NA,NA,NA,NA,NA,NA,NA,Atheta euryptera,1,
17,Akka,20.08.08,8,28.08.08,NA,NA,,624815.9,243754.8,5,95,NA,NA,NA,NA,NA,NA,NA,NA,NA,NA,NA,NA,Atheta gagatina,1,
17,Akka,20.08.08,8,28.08.08,NA,NA,,624815.9,243754.8,5,95,NA,NA,NA,NA,NA,NA,NA,NA,NA,NA,NA,NA,Atheta celata,2,
17,Akka,20.08.08,8,28.08.08,NA,NA,,624815.9,243754.8,5,95,NA,NA,NA,NA,NA,NA,NA,NA,NA,NA,NA,NA,Aleochara moerens,3,
17,Akka,20.08.08,8,28.08.08,NA,NA,,624815.9,243754.8,5,95,NA,NA,NA,NA,NA,NA,NA,NA,NA,NA,NA,NA,Acrotrichis insularis,1,
17,Akka,20.08.08,8,28.08.08,NA,NA,,624815.9,243754.8,5,95,NA,NA,NA,NA,NA,NA,NA,NA,NA,NA,NA,NA,Platystethus arenarius,1,
17,Akka,20.08.08,8,28.08.08,NA,NA,,624815.9,243754.8,5,95,NA,NA,NA,NA,NA,NA,NA,NA,NA,NA,NA,NA,Megarthrus depressus,2,
17,Akka,20.08.08,8,28.08.08,NA,NA,,624815.9,243754.8,5,95,NA,NA,NA,NA,NA,NA,NA,NA,NA,NA,NA,NA,Megarthrus nitidulus,1,
17,Akka,20.08.08,8,28.08.08,NA,NA,,624815.9,243754.8,5,95,NA,NA,NA,NA,NA,NA,NA,NA,NA,NA,NA,NA,Proteinus brachypterus,6,
17,Akka,20.08.08,8,28.08.08,NA,NA,,624815.9,243754.8,5,95,NA,NA,NA,NA,NA,NA,NA,NA,NA,NA,NA,NA,Omalium rivulare,4,
17,Akka,20.08.08,8,28.08.08,NA,NA,,624815.9,243754.8,5,95,NA,NA,NA,NA,NA,NA,NA,NA,NA,NA,NA,NA,Tachinus proximus,5,
17,Akka,20.08.08,8,28.08.08,NA,NA,,624815.9,243754.8,5,95,NA,NA,NA,NA,NA,NA,NA,NA,NA,NA,NA,NA,Tachinus laticollis,10,
28,Renki,05.07.08,4,09.07.08,2,NA,,622824.4,245412.1,50,NA,NA,NA,30,NA,NA,NA,20,NA,NA,NA,NA,NA,Deliphrum tectum,22,
28,Renki,05.07.08,4,09.07.08,2,NA,,622824.4,245412.1,50,NA,NA,NA,30,NA,NA,NA,20,NA,NA,NA,NA,NA,Sciodrepoides watsoni,5,
28,Renki,05.07.08,4,09.07.08,2,NA,,622824.4,245412.1,50,NA,NA,NA,30,NA,NA,NA,20,NA,NA,NA,NA,NA,Nargus velox,1,
28,Renki,05.07.08,4,09.07.08,2,NA,,622824.4,245412.1,50,NA,NA,NA,30,NA,NA,NA,20,NA,NA,NA,NA,NA,Atheta picipennoides,3,
28,Renki,05.07.08,4,09.07.08,2,NA,,622824.4,245412.1,50,NA,NA,NA,30,NA,NA,NA,20,NA,NA,NA,NA,NA,Atheta crassicornis/paracrassicornis,4,
28,Renki,05.07.08,4,09.07.08,2,NA,,622824.4,245412.1,50,NA,NA,NA,30,NA,NA,NA,20,NA,NA,NA,NA,NA,Atheta gagatina,1,
28,Renki,05.07.08,4,09.07.08,2,NA,,622824.4,245412.1,50,NA,NA,NA,30,NA,NA,NA,20,NA,NA,NA,NA,NA,Atheta aeneipennis,1,
28,Renki,05.07.08,4,09.07.08,2,NA,,622824.4,245412.1,50,NA,NA,NA,30,NA,NA,NA,20,NA,NA,NA,NA,NA,Atheta subtilis,1,
28,Renki,05.07.08,4,09.07.08,2,NA,,622824.4,245412.1,50,NA,NA,NA,30,NA,NA,NA,20,NA,NA,NA,NA,NA,Autalia longicornis,1,
28,Renki,05.07.08,4,09.07.08,2,NA,,622824.4,245412.1,50,NA,NA,NA,30,NA,NA,NA,20,NA,NA,NA,NA,NA,Acrotrichis insularis,1,
28,Renki,05.07.08,4,09.07.08,2,NA,,622824.4,245412.1,50,NA,NA,NA,30,NA,NA,NA,20,NA,NA,NA,NA,NA,Omalium rivulare,7,
28,Renki,05.07.08,4,09.07.08,2,NA,,622824.4,245412.1,50,NA,NA,NA,30,NA,NA,NA,20,NA,NA,NA,NA,NA,Omalium rugatum,3,
28,Renki,05.07.08,4,09.07.08,2,NA,,622824.4,245412.1,50,NA,NA,NA,30,NA,NA,NA,20,NA,NA,NA,NA,NA,Megarthrus depressus,4,
28,Renki,05.07.08,4,09.07.08,2,NA,,622824.4,245412.1,50,NA,NA,NA,30,NA,NA,NA,20,NA,NA,NA,NA,NA,Catops coracinus,1,
101,,17.07.05,3,20.07.05,3,1,,622846.5,250405.4,NA,NA,NA,NA,NA,NA,NA,NA,NA,NA,NA,NA,NA,NA,Tachinus laticollis,1, 3. 1/2
101,,17.07.05,3,20.07.05,3,1,,622846.5,250405.4,NA,NA,NA,NA,NA,NA,NA,NA,NA,NA,NA,NA,NA,NA,Philonthus politus,1, 3. 1/2
101,,17.07.05,3,20.07.05,3,1,,622846.5,250405.4,NA,NA,NA,NA,NA,NA,NA,NA,NA,NA,NA,NA,NA,NA,Acrotrichis insularis,1, 3. 1/2
104,,17.07.05,3,20.07.05,1,NA,,622846.5,250405.4,NA,NA,NA,NA,NA,NA,NA,NA,NA,NA,NA,NA,NA,NA,Autalia longicornis,1,1.
104,,17.07.05,3,20.07.05,1,NA,,622846.5,250405.4,NA,NA,NA,NA,NA,NA,NA,NA,NA,NA,NA,NA,NA,NA,Deliphrum tectum,1,1.
104,,17.07.05,3,20.07.05,1,NA,,622846.5,250405.4,NA,NA,NA,NA,NA,NA,NA,NA,NA,NA,NA,NA,NA,NA,Tachinus pallipes,4,1.
104,,17.07.05,3,20.07.05,1,NA,,622846.5,250405.4,NA,NA,NA,NA,NA,NA,NA,NA,NA,NA,NA,NA,NA,NA,Tachinus laticollis,2,1.
100,NA,NA,NA,NA,NA,NA,NA,NA,NA,NA,NA,NA,NA,NA,NA,NA,NA,NA,NA,NA,NA,NA,NA,Philonthus varians,7,
100,NA,NA,NA,NA,NA,NA,NA,NA,NA,NA,NA,NA,NA,NA,NA,NA,NA,NA,NA,NA,NA,NA,NA,Philonthus succicola,1,
100,NA,NA,NA,NA,NA,NA,NA,NA,NA,NA,NA,NA,NA,NA,NA,NA,NA,NA,NA,NA,NA,NA,NA,Philonthus albipes,3,
100,NA,NA,NA,NA,NA,NA,NA,NA,NA,NA,NA,NA,NA,NA,NA,NA,NA,NA,NA,NA,NA,NA,NA,Bisnius puella,2,
100,NA,NA,NA,NA,NA,NA,NA,NA,NA,NA,NA,NA,NA,NA,NA,NA,NA,NA,NA,NA,NA,NA,NA,Oxytelus laqueatus,1,
100,NA,NA,NA,NA,NA,NA,NA,NA,NA,NA,NA,NA,NA,NA,NA,NA,NA,NA,NA,NA,NA,NA,NA,Platystethus arenarius,1,
100,NA,NA,NA,NA,NA,NA,NA,NA,NA,NA,NA,NA,NA,NA,NA,NA,NA,NA,NA,NA,NA,NA,NA,Cercyon lateralis,1,
100,NA,NA,NA,NA,NA,NA,NA,NA,NA,NA,NA,NA,NA,NA,NA,NA,NA,NA,NA,NA,NA,NA,NA,Tachinus proximus,4,
100,NA,NA,NA,NA,NA,NA,NA,NA,NA,NA,NA,NA,NA,NA,NA,NA,NA,NA,NA,NA,NA,NA,NA,Tachinus laticollis,1,
100,NA,NA,NA,NA,NA,NA,NA,NA,NA,NA,NA,NA,NA,NA,NA,NA,NA,NA,NA,NA,NA,NA,NA,Aleochara moerens,3,
100,NA,NA,NA,NA,NA,NA,NA,NA,NA,NA,NA,NA,NA,NA,NA,NA,NA,NA,NA,NA,NA,NA,NA,Atheta nigripes,1,
100,NA,NA,NA,NA,NA,NA,NA,NA,NA,NA,NA,NA,NA,NA,NA,NA,NA,NA,NA,NA,NA,NA,NA,Liogluta micans,1,
100,NA,NA,NA,NA,NA,NA,NA,NA,NA,NA,NA,NA,NA,NA,NA,NA,NA,NA,NA,NA,NA,NA,NA,Cercyon impressus,7,
102,,17.07.05,3,20.07.05,2,1,,622846.5,250405.4,NA,NA,NA,NA,NA,NA,NA,NA,NA,NA,NA,NA,NA,NA,EI KUORIAISIA,0, 2. 1/2
103,,21.07.05,5,26.07.05,1,NA,,622848.7,250416.8,NA,NA,NA,NA,NA,NA,NA,NA,NA,NA,NA,NA,NA,NA,Atheta aeneipennis,2,
103,,21.07.05,5,26.07.05,1,NA,,622848.7,250416.8,NA,NA,NA,NA,NA,NA,NA,NA,NA,NA,NA,NA,NA,NA,Atheta cinnamoptera,1,
103,,21.07.05,5,26.07.05,1,NA,,622848.7,250416.8,NA,NA,NA,NA,NA,NA,NA,NA,NA,NA,NA,NA,NA,NA,Acrotrichis cognata,1,
103,,21.07.05,5,26.07.05,1,NA,,622848.7,250416.8,NA,NA,NA,NA,NA,NA,NA,NA,NA,NA,NA,NA,NA,NA,Tachinus proximus,2,
103,,21.07.05,5,26.07.05,1,NA,,622848.7,250416.8,NA,NA,NA,NA,NA,NA,NA,NA,NA,NA,NA,NA,NA,NA,Tachinus pallipes,1,
103,,21.07.05,5,26.07.05,1,NA,,622848.7,250416.8,NA,NA,NA,NA,NA,NA,NA,NA,NA,NA,NA,NA,NA,NA,Tachinus laticollis,3,
103,,21.07.05,5,26.07.05,1,NA,,622848.7,250416.8,NA,NA,NA,NA,NA,NA,NA,NA,NA,NA,NA,NA,NA,NA,Bisnius puella,1,
103,,21.07.05,5,26.07.05,1,NA,,622848.7,250416.8,NA,NA,NA,NA,NA,NA,NA,NA,NA,NA,NA,NA,NA,NA,Megarthrus depressus,1,
105,,17.07.05,3,20.07.05,3,2,,622846.5,250405.4,NA,NA,NA,NA,NA,NA,NA,NA,NA,NA,NA,NA,NA,NA,Deliphrum tectum,2, 3. 2/2
105,,17.07.05,3,20.07.05,3,2,,622846.5,250405.4,NA,NA,NA,NA,NA,NA,NA,NA,NA,NA,NA,NA,NA,NA,Tachinus pallipes,2, 3. 2/2
105,,17.07.05,3,20.07.05,3,2,,622846.5,250405.4,NA,NA,NA,NA,NA,NA,NA,NA,NA,NA,NA,NA,NA,NA,Tachinus laticollis,2, 3. 2/2
105,,17.07.05,3,20.07.05,3,2,,622846.5,250405.4,NA,NA,NA,NA,NA,NA,NA,NA,NA,NA,NA,NA,NA,NA,Epuraea sp.,1, 3. 2/2
95,NA,NA,NA,NA,NA,NA,NA,NA,NA,NA,NA,NA,NA,NA,NA,NA,NA,NA,NA,NA,NA,NA,NA,Sciodrepoides watsoni,1,
95,NA,NA,NA,NA,NA,NA,NA,NA,NA,NA,NA,NA,NA,NA,NA,NA,NA,NA,NA,NA,NA,NA,NA,Deliphrum tectum,1,
95,NA,NA,NA,NA,NA,NA,NA,NA,NA,NA,NA,NA,NA,NA,NA,NA,NA,NA,NA,NA,NA,NA,NA,Atheta cinnamoptera,1,
95,NA,NA,NA,NA,NA,NA,NA,NA,NA,NA,NA,NA,NA,NA,NA,NA,NA,NA,NA,NA,NA,NA,NA,Omalium rugatum,1,
95,NA,NA,NA,NA,NA,NA,NA,NA,NA,NA,NA,NA,NA,NA,NA,NA,NA,NA,NA,NA,NA,NA,NA,Tachinus pallipes,3,
95,NA,NA,NA,NA,NA,NA,NA,NA,NA,NA,NA,NA,NA,NA,NA,NA,NA,NA,NA,NA,NA,NA,NA,Tachinus proximus,1,
99,NA,NA,NA,NA,NA,NA,NA,NA,NA,NA,NA,NA,NA,NA,NA,NA,NA,NA,NA,NA,NA,NA,NA,Autalia longicornis,9,
99,NA,NA,NA,NA,NA,NA,NA,NA,NA,NA,NA,NA,NA,NA,NA,NA,NA,NA,NA,NA,NA,NA,NA,Atheta subtilis,5,
99,NA,NA,NA,NA,NA,NA,NA,NA,NA,NA,NA,NA,NA,NA,NA,NA,NA,NA,NA,NA,NA,NA,NA,Omalium rivulare,1,
99,NA,NA,NA,NA,NA,NA,NA,NA,NA,NA,NA,NA,NA,NA,NA,NA,NA,NA,NA,NA,NA,NA,NA,Tachinus laticollis,2,
99,NA,NA,NA,NA,NA,NA,NA,NA,NA,NA,NA,NA,NA,NA,NA,NA,NA,NA,NA,NA,NA,NA,NA,Megarthrus nitidulus,1,
99,NA,NA,NA,NA,NA,NA,NA,NA,NA,NA,NA,NA,NA,NA,NA,NA,NA,NA,NA,NA,NA,NA,NA,Megarthrus depressus,1,
107,,21.07.05,5,26.07.05,3,NA,,622848.7,250416.8,NA,NA,NA,NA,NA,NA,NA,NA,NA,NA,NA,NA,NA,NA,Deliphrum tectum,1,
107,,21.07.05,5,26.07.05,3,NA,,622848.7,250416.8,NA,NA,NA,NA,NA,NA,NA,NA,NA,NA,NA,NA,NA,NA,Atheta aeneipennis,4,
107,,21.07.05,5,26.07.05,3,NA,,622848.7,250416.8,NA,NA,NA,NA,NA,NA,NA,NA,NA,NA,NA,NA,NA,NA,Atheta subtilis,3,
107,,21.07.05,5,26.07.05,3,NA,,622848.7,250416.8,NA,NA,NA,NA,NA,NA,NA,NA,NA,NA,NA,NA,NA,NA,Autalia longicornis,1,
107,,21.07.05,5,26.07.05,3,NA,,622848.7,250416.8,NA,NA,NA,NA,NA,NA,NA,NA,NA,NA,NA,NA,NA,NA,Cercyon impressus,1,
107,,21.07.05,5,26.07.05,3,NA,,622848.7,250416.8,NA,NA,NA,NA,NA,NA,NA,NA,NA,NA,NA,NA,NA,NA,Cercyon lateralis,6,
107,,21.07.05,5,26.07.05,3,NA,,622848.7,250416.8,NA,NA,NA,NA,NA,NA,NA,NA,NA,NA,NA,NA,NA,NA,Tachinus proximus,5,
107,,21.07.05,5,26.07.05,3,NA,,622848.7,250416.8,NA,NA,NA,NA,NA,NA,NA,NA,NA,NA,NA,NA,NA,NA,Tachinus pallipes,2,
107,,21.07.05,5,26.07.05,3,NA,,622848.7,250416.8,NA,NA,NA,NA,NA,NA,NA,NA,NA,NA,NA,NA,NA,NA,Tachinus laticollis,1,
107,,21.07.05,5,26.07.05,3,NA,,622848.7,250416.8,NA,NA,NA,NA,NA,NA,NA,NA,NA,NA,NA,NA,NA,NA,Bisnius puella,6,
108,,22.07.05,4,26.07.05,1,NA,,622456.4,245713.8,NA,NA,NA,NA,NA,NA,NA,NA,NA,NA,NA,NA,NA,NA,Sciodrepoides watsoni,1,
108,,22.07.05,4,26.07.05,1,NA,,622456.4,245713.8,NA,NA,NA,NA,NA,NA,NA,NA,NA,NA,NA,NA,NA,NA,Atheta euryptera,1,
108,,22.07.05,4,26.07.05,1,NA,,622456.4,245713.8,NA,NA,NA,NA,NA,NA,NA,NA,NA,NA,NA,NA,NA,NA,Atheta aeneipennis,1,
108,,22.07.05,4,26.07.05,1,NA,,622456.4,245713.8,NA,NA,NA,NA,NA,NA,NA,NA,NA,NA,NA,NA,NA,NA,Atheta subtilis,1,
108,,22.07.05,4,26.07.05,1,NA,,622456.4,245713.8,NA,NA,NA,NA,NA,NA,NA,NA,NA,NA,NA,NA,NA,NA,Cercyon impressus,1,
108,,22.07.05,4,26.07.05,1,NA,,622456.4,245713.8,NA,NA,NA,NA,NA,NA,NA,NA,NA,NA,NA,NA,NA,NA,Megarthrus depressus,1,
108,,22.07.05,4,26.07.05,1,NA,,622456.4,245713.8,NA,NA,NA,NA,NA,NA,NA,NA,NA,NA,NA,NA,NA,NA,Tachinus proximus,4,
91,,,2,22.07.04,NA,NA,2_piles,621556.1,285653.3,NA,NA,NA,NA,NA,NA,NA,NA,NA,NA,NA,NA,NA,NA,Nicrophorus vespilloides,1,
91,,,2,22.07.04,NA,NA,2_piles,621556.1,285653.3,NA,NA,NA,NA,NA,NA,NA,NA,NA,NA,NA,NA,NA,NA,Sciodrepoides watsoni,2,
91,,,2,22.07.04,NA,NA,2_piles,621556.1,285653.3,NA,NA,NA,NA,NA,NA,NA,NA,NA,NA,NA,NA,NA,NA,Sciodrepoides fumatus,7,
91,,,2,22.07.04,NA,NA,2_piles,621556.1,285653.3,NA,NA,NA,NA,NA,NA,NA,NA,NA,NA,NA,NA,NA,NA,Atheta crassicornis/paracrassicornis,1,
91,,,2,22.07.04,NA,NA,2_piles,621556.1,285653.3,NA,NA,NA,NA,NA,NA,NA,NA,NA,NA,NA,NA,NA,NA,Atheta gagatina,1,
91,,,2,22.07.04,NA,NA,2_piles,621556.1,285653.3,NA,NA,NA,NA,NA,NA,NA,NA,NA,NA,NA,NA,NA,NA,Atheta cinnamoptera,2,
91,,,2,22.07.04,NA,NA,2_piles,621556.1,285653.3,NA,NA,NA,NA,NA,NA,NA,NA,NA,NA,NA,NA,NA,NA,Atheta cribripennis,1,
91,,,2,22.07.04,NA,NA,2_piles,621556.1,285653.3,NA,NA,NA,NA,NA,NA,NA,NA,NA,NA,NA,NA,NA,NA,Tachinus pallipes,2,
91,,,2,22.07.04,NA,NA,2_piles,621556.1,285653.3,NA,NA,NA,NA,NA,NA,NA,NA,NA,NA,NA,NA,NA,NA,Tachinus basalis,1,
91,,,2,22.07.04,NA,NA,2_piles,621556.1,285653.3,NA,NA,NA,NA,NA,NA,NA,NA,NA,NA,NA,NA,NA,NA,Megarthrus depressus,1,
96,NA,NA,NA,NA,NA,NA,NA,NA,NA,NA,NA,NA,NA,NA,NA,NA,NA,NA,NA,NA,NA,NA,NA,Bisnius puella,1,
96,NA,NA,NA,NA,NA,NA,NA,NA,NA,NA,NA,NA,NA,NA,NA,NA,NA,NA,NA,NA,NA,NA,NA,Tachinus pallipes,3,
96,NA,NA,NA,NA,NA,NA,NA,NA,NA,NA,NA,NA,NA,NA,NA,NA,NA,NA,NA,NA,NA,NA,NA,Tachinus proximus,1,
106,,22.07.05,4,26.07.05,2,NA,,622456.4,245713.8,NA,NA,NA,NA,NA,NA,NA,NA,NA,NA,NA,NA,NA,NA,Tachinus proximus,1,
98,NA,NA,NA,NA,NA,NA,NA,NA,NA,NA,NA,NA,NA,NA,NA,NA,NA,NA,NA,NA,NA,NA,NA,Tachinus laticollis,1, 2. 2/2
98,NA,NA,NA,NA,NA,NA,NA,NA,NA,NA,NA,NA,NA,NA,NA,NA,NA,NA,NA,NA,NA,NA,NA,Atheta subtilis,1, 2. 2/2
109,,24.07.05,2,26.07.05,NA,1,hiekkatie,623423.1,245458.4,NA,NA,NA,NA,NA,NA,NA,NA,NA,NA,NA,NA,NA,NA,Atheta euryptera,1,
109,,24.07.05,2,26.07.05,NA,1,hiekkatie,623423.1,245458.4,NA,NA,NA,NA,NA,NA,NA,NA,NA,NA,NA,NA,NA,NA,Acrotona parvula,1,
109,,24.07.05,2,26.07.05,NA,1,hiekkatie,623423.1,245458.4,NA,NA,NA,NA,NA,NA,NA,NA,NA,NA,NA,NA,NA,NA,Atheta excellens,1,
109,,24.07.05,2,26.07.05,NA,1,hiekkatie,623423.1,245458.4,NA,NA,NA,NA,NA,NA,NA,NA,NA,NA,NA,NA,NA,NA,Aleochara moerens,1,
109,,24.07.05,2,26.07.05,NA,1,hiekkatie,623423.1,245458.4,NA,NA,NA,NA,NA,NA,NA,NA,NA,NA,NA,NA,NA,NA,Philonthus varians,7,
109,,24.07.05,2,26.07.05,NA,1,hiekkatie,623423.1,245458.4,NA,NA,NA,NA,NA,NA,NA,NA,NA,NA,NA,NA,NA,NA,Bisnius nigriventris,1,
109,,24.07.05,2,26.07.05,NA,1,hiekkatie,623423.1,245458.4,NA,NA,NA,NA,NA,NA,NA,NA,NA,NA,NA,NA,NA,NA,Philonthus politus,2,
109,,24.07.05,2,26.07.05,NA,1,hiekkatie,623423.1,245458.4,NA,NA,NA,NA,NA,NA,NA,NA,NA,NA,NA,NA,NA,NA,Tachinus pallipes,1,
109,,24.07.05,2,26.07.05,NA,1,hiekkatie,623423.1,245458.4,NA,NA,NA,NA,NA,NA,NA,NA,NA,NA,NA,NA,NA,NA,Cercyon lateralis,1,
97,NA,NA,NA,NA,NA,NA,NA,NA,NA,NA,NA,NA,NA,NA,NA,NA,NA,NA,NA,NA,NA,NA,NA,Atheta nigricornis,1, 1/2
94,Junnu,25.07.06,6,31.07.06,NA,1,,634859.5,284902.8,70,NA,NA,NA,NA,30,NA,NA,NA,NA,NA,NA,NA,NA,Deliphrum tectum,2,
94,Junnu,25.07.06,6,31.07.06,NA,1,,634859.5,284902.8,70,NA,NA,NA,NA,30,NA,NA,NA,NA,NA,NA,NA,NA,Autalia longicornis,1,
94,Junnu,25.07.06,6,31.07.06,NA,1,,634859.5,284902.8,70,NA,NA,NA,NA,30,NA,NA,NA,NA,NA,NA,NA,NA,Aleochara moerens,1,
94,Junnu,25.07.06,6,31.07.06,NA,1,,634859.5,284902.8,70,NA,NA,NA,NA,30,NA,NA,NA,NA,NA,NA,NA,NA,Atheta subtilis,4,
94,Junnu,25.07.06,6,31.07.06,NA,1,,634859.5,284902.8,70,NA,NA,NA,NA,30,NA,NA,NA,NA,NA,NA,NA,NA,Atheta aeneipennis,1,
94,Junnu,25.07.06,6,31.07.06,NA,1,,634859.5,284902.8,70,NA,NA,NA,NA,30,NA,NA,NA,NA,NA,NA,NA,NA,Atheta allocera,1,
94,Junnu,25.07.06,6,31.07.06,NA,1,,634859.5,284902.8,70,NA,NA,NA,NA,30,NA,NA,NA,NA,NA,NA,NA,NA,Acrotrichis rugulosa,1,
94,Junnu,25.07.06,6,31.07.06,NA,1,,634859.5,284902.8,70,NA,NA,NA,NA,30,NA,NA,NA,NA,NA,NA,NA,NA,Cercyon lateralis,1,
94,Junnu,25.07.06,6,31.07.06,NA,1,,634859.5,284902.8,70,NA,NA,NA,NA,30,NA,NA,NA,NA,NA,NA,NA,NA,Platystethus arenarius,1,
94,Junnu,25.07.06,6,31.07.06,NA,1,,634859.5,284902.8,70,NA,NA,NA,NA,30,NA,NA,NA,NA,NA,NA,NA,NA,Omalium rivulare,2,
94,Junnu,25.07.06,6,31.07.06,NA,1,,634859.5,284902.8,70,NA,NA,NA,NA,30,NA,NA,NA,NA,NA,NA,NA,NA,Megarthrus nitidulus,2,
94,Junnu,25.07.06,6,31.07.06,NA,1,,634859.5,284902.8,70,NA,NA,NA,NA,30,NA,NA,NA,NA,NA,NA,NA,NA,Tachinus proximus,4,
94,Junnu,25.07.06,6,31.07.06,NA,1,,634859.5,284902.8,70,NA,NA,NA,NA,30,NA,NA,NA,NA,NA,NA,NA,NA,Tachinus pallipes,3,
94,Junnu,25.07.06,6,31.07.06,NA,1,,634859.5,284902.8,70,NA,NA,NA,NA,30,NA,NA,NA,NA,NA,NA,NA,NA,Tachinus laticollis,1,
94,Junnu,25.07.06,6,31.07.06,NA,1,,634859.5,284902.8,70,NA,NA,NA,NA,30,NA,NA,NA,NA,NA,NA,NA,NA,Tachinus marginellus,1,
93,,,NA,21.07.04,NA,2,2_piles,621254.4,290021.1,NA,NA,NA,NA,NA,NA,NA,NA,NA,NA,NA,NA,NA,NA,Sciodrepoides fumatus,4,
93,,,NA,21.07.04,NA,2,2_piles,621254.4,290021.1,NA,NA,NA,NA,NA,NA,NA,NA,NA,NA,NA,NA,NA,NA,Sciodrepoides alpestris,1,
93,,,NA,21.07.04,NA,2,2_piles,621254.4,290021.1,NA,NA,NA,NA,NA,NA,NA,NA,NA,NA,NA,NA,NA,NA,Autalia longicornis,1,
93,,,NA,21.07.04,NA,2,2_piles,621254.4,290021.1,NA,NA,NA,NA,NA,NA,NA,NA,NA,NA,NA,NA,NA,NA,Tachinus pallipes,3,
93,,,NA,21.07.04,NA,2,2_piles,621254.4,290021.1,NA,NA,NA,NA,NA,NA,NA,NA,NA,NA,NA,NA,NA,NA,Tachinus laticollis,1,
